1,TransKnight
6,TransKnight
7,TransKnight
8,TransKnight
9,TransKnight
11,Foema
16,Foema
17,Foema
18,Foema
19,Foema
21,BeastMaster
22,Lobisomem
23,Homem_Urso
24,Astaroth
25,Titã
26,BeastMaster
27,BeastMaster
28,BeastMaster
29,BeastMaster
31,Huntress
32,Éden
36,Huntress
37,Huntress
38,Huntress
39,Huntress
41,TransKnight
42,Foema
43,BeastMaster
44,Huntress
51,Ruty
52,Guardião_da_Cidade
53,Terah
54,Compositor
55,Ailyn
56,Arcadia
57,Premium_Neil
58,Ferreiro
59,Comerciante
60,Guarda
61,Foema_Ancião
62,Ancião_(Elmo)
63,Mestre_Archie
64,Comerciante_Arnold
65,Face_da_Shiner_(Tipo_A)
66,Face_da_Shiner_(Tipo_B)
67,Face_da_Shiner_(Tipo_C)
68,Tanya
100,Elmo_de_Aço
101,Armadura_de_Aço
102,Calça_de_Aço
103,Luva_de_Aço
104,Bota_de_Aço
105,Elmo_de_Concha
106,Túnica_de_Concha
107,Calça_de_Concha
108,Luvas_de_Concha
109,Botas_de_Concha
110,Elmo_Conjurador
111,Túnica_Conjuradora
112,Calça_Conjuradora
113,Luvas_Conjuradoras
114,Botas_Conjuradoras
115,Elmo_de_Artesão
116,Armadura_de_Artesão
117,Calça_de_Artesão
118,Luva_de_Artesão
119,Bota_de_Artesão
120,Chapéu_de_Midas
121,Casaco_de_Midas
122,Calça_de_Midas
123,Luva_de_Midas
124,Bota_de_Midas
125,Elmo_de_Comandante
126,Armadura_de_Guarda
127,Calça_de_Comandante
128,Luva_de_Comandante
129,Bota_de_Comandante
130,Elmo_de_Guarda
131,Armadura_de_Comandante
132,Elmo_de_Archie
133,Armadura_de_Archie
134,Calça_de_Archie
135,Luva_de_Archie
136,Bota_de_Archie
137,Elmo_de_Arnold
138,Calça_de_Arnold
139,Elmo_Feminino
140,Armadura_Feminina
141,Calça_Feminina
142,Luva_Feminina
143,Bota_Feminina
144,Elmo_de_Guardião
145,Armadura_de_Guardião
146,Calça_de_Guardião
147,Luva_de_Guardião
148,Bota_de_Guardião
149,Elmo_de_Terah
150,Armadura_de_Terah
151,Calça_de_Terah
152,Luva_de_Terah
153,Bota_de_Terah
154,Elmo_Azul
155,Armadura_Azul
156,Calça_Azul
157,Luvas_Azuis
158,Botas_Azuis
159,Elmo_Rubro
160,Armadura_Rubro
161,Calça_Rubra
162,Luvas_Rubras
163,Botas_Rubras
164,Elmo_de_Guarda(Az)
165,Armadura_de_Guarda(Az)
166,Calça_de_Guarda(Az)
167,Luvas_de_Guarda(Az)
168,Botas_de_Guarda(Az)
169,Elmo_de_Guarda(R)
170,Armadura_de_Guarda(R)
171,Luvas_de_Guarda(R)
172,Boas_de_Guarda(R)
173,Botas_de_Guarda(R)
174,Cavaleiro_Negro
175,Cavaleiro_Negro_Lendário
176,Corpo_da_Shiner
177,Traje_Coreano
178,Canhão
181,Rosto_Berseker
182,Elmo_Berseker
183,Armadura_Berseker
184,Calça_Berseker
185,Luvas_Berseker
186,Botas_Berseker
200,Dragão
201,Dragão_Esmeralda
202,Gremlin
203,Krill
204,Chefe_Krill
205,Baleia
206,Águia
207,Cavaleiro_Orc
208,Cavaleiro_Orc_2
209,Arqueiro_Orc
210,Cavaleiro_Orc_B
211,Arqueiro_Orc_B
212,Troll_Machado
213,Troll_Martelo
214,Troll_Machado_B
215,Troll_Martelo_B
216,Javali_Selvagem
217,Anjo
218,Hidra
219,Torre_de_Thor
220,Força_Lunar
221,Serpente_Gigante
222,Rei_Gremlin
223,Pomba
224,Dragão_Dourado
225,Javali_de_Guerra
226,Lobo
227,Urso
228,Zumbi
229,Chefe_Zumbi
230,Carbunkle
231,Grande_Carbunkle
232,Shamã_Orc
233,Ciclope
234,Ciclope_Sangrento
235,Minotauro
236,Taurus_Assustador
237,Rei_Taurus
238,Argos
239,Diablo
240,Lagarto_1
241,Lagarto_2
242,Ciclope_Arqueiro
243,Ciclope_Mago
244,Tigre_Destruidor
245,Gorila_Esmagador
246,Astaroth
247,Cabeça_de_Rã
248,Roupa_de_Rã
249,Calça_de_Rã
250,Luva_de_Rã
251,Bota_de_Rã
252,Cabeça_de_Sapo
253,Roupa_de_Sapo
254,Calça_de_Sapo
255,Luva_de_Sapo
256,Bota_de_Sapo
257,Arqueiro_Zakum
258,Lorde_Zakum
259,Guarda_Zakum
260,Rosto_de_Esqueleto
261,Cabeça_de_Esqueleto
262,Corpo_de_Esqueleto
263,Calça_de_Esqueleto
264,Luva_de_Esqueleto
265,Bota_de_Esqueleto
266,Elmo_de_Esqueleto_Chefe
267,Corpo_de_Esqueleto_Chefe
268,Calça_de_Esqueleto_Chefe
269,Luva_de_Esqueleto_Chefe
270,Bota_de_Esqueleto_Chefe
271,Rosto_de_Esqueleto_Mago
272,Elmo_de_Esqueleto_Mago
273,Corpo_de_Esqueleto_Mago
274,Calça_de_Esqueleto_Mago
275,Luva_de_Esqueleto_Mago
276,Bota_de_Esqueleto_Mago
277,Rosto_de_Esqueleto_Arq
278,Elmo_de_Esqueleto_Arq
279,Corpo_de_Esqueleto_Arq
280,Calça_de_de_Esqueleto_Arq
281,Luva_de_Esqueleto_Arq
282,Bota_de_Esqueleto_Arq
283,Cavaleiro_Negro
284,Elfo_Negro
285,Corpo_de_Elfo_Negro_Arq
286,Corpo_de_Elfo_Negro_Mago
287,Lendário_Elfo_Negro
288,Corpo_do_Lend_Elfo_Arq
289,Corpo_do_Lend_Elfo_Mago
290,Manto_Negro_Lendário
291,Urso_de_Caverna
292,Morcego
293,Dragão_Lich
294,Demônio
295,Demônio_Chefe
296,Troll_Zumbi
297,Golem
298,Golem_Chefe
299,Lobo
300,Dragão_Menor
301,Cabra_Montês
302,Titã
303,Rei_Azul
304,Rei_Rubro
305,Guarda_Rubro
306,Troll_Morto_Vivo
307,Dragão_Negro
309,Aquagolem
310,Gárgula_de_Fogo
311,Rei_Demonlord
312,Pássaro_Troll_1
313,Pássaro_Troll_2
314,Pássaro_Troll_3
315,Porco
316,Javali_Doméstico
317,Lobo_Doméstico
318,Dragão_Menor
319,Urso_Doméstico
320,Dente_de_Sabre
321,Cavalo_s/Sela_N
322,Cavalo_Fantasm_N
323,Cavalo_Leve_N
324,Cavalo_Equip_N
325,Andaluz_N
326,Cavalo_s/Sela_B
327,Cavalo_Fantasm_B
328,Cavalo_Leve_B
329,Cavalo_Equip_B
330,Andaluz_B
331,Fenrir
332,Dragão
333,Grande_Fenrir
334,Tigre_de_Fogo
335,Dragão_Vermelho
336,Unicórnio
337,Pégasus
338,Unisus
339,Grifo
340,Hipogrifo
341,Grifo_Sangrento
342,Shire
343,Thoroughbred
344,Klazedale
345,Gullfaxi
351,Treant
352,Aranha_Infernal
353,Tarântula
354,Mantícora
355,Verme_do_Freixo
356,Carbunkle_Noel
357,Torre_Guardiã
358,Vinha
359,Moita
360,Poderoso_Talos
361,Batorero
362,Kefra
363,Guarda_Kefra
364,Lich_Infernal
365,Arch_Lich
366,Esqueleto_Maldito
367,Espirito_Maldito
368,Monge_Canibal
369,Soldado_Amon
370,Guerreiro_Amon
371,Capitão_Amon
372,Urso_Polar
373,Lobo_Polar
374,Ent_Ancião
375,Monge_Ancião
376,Rosto_Kalintz(H)
377,Elmo_Kalintz(H)
378,Corpo_Kalintz(H)
379,Calça_Kalintz(H)
380,Manoplas_Kalintz(H)
381,Botas_Kalintz(H)
382,Rosto_Kalintz(M)
383,Elmo_Kalintz(M)
384,Corpo_Kalintz(M)
385,Calça_Kalintz(M)
386,Manoplas_Kalintz(M)
387,Botas_Kalintz(M)
388,Troll_de_Gelo
389,Rei_Lupino
390,Templário_Amaldiçoado
391,Mago_Amaldiçoado
392,Shamã_Amaldiçoado
393,Ranger_Amaldiçoado
394,Valquíria
395,Rainha_Maligna_Beriel
396,Succubus
397,Balrog
398,Bloqueio
400,Poção_de_Cura
401,Poção_de_Cura_M.
402,Poção_de_Cura_G.
403,Poção_de_Cura_XG
404,Ultra_Poção_de_Cura
405,Poção_de_Mana
406,Poção_de_Cura_M.
407,Poção_de_Mana_G.
408,Poção_de_Mana_XG
409,Ultra_Poção_de_Mana
410,Pergaminho_Retorno
411,Pergaminho_Retorno_10x
412,Poeira_de_Oriharucon
413,Poeira_de_Lactolerium
414,Poeira_de_Fada
415,Ervas_de_Cura
416,Antídoto
417,Adelas
418,Símbolo_do_Caron
419,Resto_de_Oriharucon
420,Resto_de_Lactolerium
421,Cristal_I
422,Cristal_II
423,Cristal_III
424,Cristal_IV
425,Cristal_V
426,Cristal_VI
427,Cristal_VII
428,Kit_de_Cura_(5_M.)
429,Kit_de_Cura_(10_M.)
430,Kit_de_Cura_(5_XG.)
431,Kit_de_Cura_(10_XG.)
432,Kit_de_Mana_(5_M.)
433,Kit_de_Mana_(10_M.)
434,Kit_de_Mana_(5_XG.)
435,Kit_de_Mana_(10_XG.)
436,Contrato(Cavaleiro)
437,Contrato(Arqueiro)
438,Contrato(Mago)
439,Contrato(Cavaleiro)
440,Contrato(Arqueiro)
441,Contrato(Mago)
446,Pergaminho_de_Guilda
447,Pedaço_do_Círculo_Divino
448,Círculo_Divino_Puro
449,Círculo_Divino_Puro
450,Círculo_Divino_Puro
451,Chave_da_Primeira_Porta
452,Chave_da_Segunda_Porta
453,Chave_da_Ultima_Porta
454,Moeda_de_Ouro_1
455,Moeda_de_Ouro_2
456,Moeda_de_Ouro_3
457,Portão_do_Sul
458,Primeira_Porta
459,Segunda_Porta
461,Última_Porta
462,Portão_Orc_Sul
463,Portão_Orc_Leste
464,Último_Portão_Orc_Sul
465,Chave_Portão_Orc_Sul
466,Chave_Portão_Orc_Leste
467,Última_Chave_Orc
468,Último_Portão_Orc_Leste
469,Última_Chave_Orc_Leste
470,Pilula_do_Poder_Mágico
471,Entrada_de_Guilda
472,Janela_de_Aço
473,Caixa_Misteriosa
474,Presente_de_Teste
475,Baú_do_Tesouro_I
476,Baú_do_Tesouro_II
477,Baú_do_Tesouro(Missão1)
478,Baú_do_Tesouro(Missão2)
479,Baú_do_Tesouro(Missão3)
480,Baú_do_Tesouro_III
481,Olho_Crescente
482,Baú_do_Tesouro_IV
483,Baú_do_Tesouro_V
484,Baú_do_Tesouro_VI
485,Baú_do_Tesouro_VII
486,Baú_do_Tesouro_Raro
487,Baú_do_Tesouro_VIII
488,Baú_do_Tesouro_IX
489,Baú_do_Tesouro_X
490,Emblema_de_Batalha(I)
491,Emblema_de_Batalha(Av)
492,Emblema_de_Batalha(E)
496,Pão_5_Unidades
497,Salsicha_5_Unidades
498,Carne_5_Unidades
499,Comida
500,Comida
501,Anel_de_Hercules
502,Anel_de_Athena
503,Anel_de_Titã
504,Anel_de_Gaia
505,Anel_de_Zeus
506,Anel_de_Hecate
507,Bracelete_de_Hercules
508,Medalha_da_Guilda
509,Medalha_do_Guilda_Mestre
510,Bracelete_de_Athena
511,Bracelete_de_Titã
512,Bracelete_de_Gaia
513,Bracelete_de_Zeus
514,Bracelete_de_Hecate
515,Bracelete
516,Pingente_de_Athena
517,Pingente_de_Titã
518,Pingente_de_Gaia
519,Pingente_de_Zeus
520,Pingente_de_Hecate
521,Pingente_de_Hércules
522,Medalha_do_Reino
523,Anel_Branco_de_Amante
524,Emblema_Orc
525,Olho_Crescente
526,Medalha_do_Vice_Lider_1
527,Medalha_do_Vice_Lider_2
528,Medalha_do_Vice_Lider_3
529,Medalha_do_Capitão_1
530,Medalha_do_Capitão_2
531,Medalha_do_Capitão_3
532,Símbolo_de_Guilda_1
533,Símbolo_de_Guilda_2
534,Símbolo_de_Guilda_3
535,Símbolo_do_Reino_1
536,Símbolo_do_Reino_2
537,Símbolo_do_Reino_3
538,Medalha_de_Cidadania
540,Pedra_Espiritual
541,Pedra_Espiritual
542,Pedra_Lunar
543,Manto_do_Guerreiro
544,Manto_de_Shiner
545,Manto_Hekalotia
546,Manto_Akelonia
547,Marca_do_Assassino
548,Manto_do_Andarilho
549,Manto_do_Aventureiro
550,Capa_Branca_do_Monstro
551,Amuleto_de_Prata
552,Amuleto_de_Prata
553,Amuleto_de_Prata
554,Amuleto_de_Prata
555,Amuleto_de_Ouro
556,Amuleto_de_Ouro
557,Amuleto_de_Ouro
558,Amuleto_de_Ouro
559,Amuleto_Místico
560,Amuleto_Místico
561,Amuleto_Místico
562,Amuleto_Místico
563,Amuleto_de_Cristal
564,Amuleto_de_Cristal
565,Amuleto_de_Cristal
566,Amuleto_de_Cristal
567,Amuleto_Arcano
568,Amuleto_Arcano
569,Amuleto_Arcano
570,Amuleto_Arcano
572,Manto_do_Campeão
573,Manto_do_Campeão
574,Manto_do_Campeão
575,Pedra_de_Spinner
576,Pedra_de_Beril
577,Pedra_de_Tectita
578,Pedra_de_Adamantita
579,Pedra_Lendária_da_Defesa
591,Brinco_de_Athena
592,Brinco_de_Titã
593,Brinco_de_Zeus
594,Brinco_de_Hecate
595,Brinco_de_Hercules
599,Bolsa_Perfumada
600,Bebida_Real
601,Orb_de_Fogo
602,Orb_de_Gelo
603,Orb_de_Relâmpago
604,Orb_Sagrada
605,Pílula_Mágica
606,Pílula_Mágica
607,Pílula_Mágica
608,Olho_de_Azure
609,Olho_de_Ixio
610,Olho_de_Ramuh
611,Olho_Sagrado
612,Defesa_contra_Fogo
613,Defesa_contra_Gelo
614,Defesa_contra_Relâmpago
615,Defesa_contra_Sagrado
616,Símbolo_de_Sabedoria
617,Símbolo_de_Justiça
618,Símbolo_de_Vitória
619,Simbolo_de_Glória
620,Símbolo_do_Infinito
621,Símbolo_Sobresalente
622,Símbolo_Sobresalente
631,Pedra_Espiritual
632,Pedra_Espiritual
633,Pedra_Espiritual
634,not_used
635,not_used
636,not_used
637,not_used
640,Colar_de_Mana
641,Colar_da_Constituição
642,Colar_Mágico
643,Colar_da_Força
646,Remédio_da_Coragem
647,Elixir_da_Coragem
649,not_used
650,not_used
651,Rubi_do_Carbunkle
652,Rubi_do_Carbunkle
653,Rubi_do_Carbunkle
654,Pedra_Necromântica
655,Pedra_Necromântica
656,Pedra_Necromântica
657,Rubi_da_Amizade
658,Gema_da_Siren
659,Gema_da_Siren
660,Gema_da_Siren
661,Ankh_da_Justiça
662,Ankh_da_Eternidade
663,Ankh_da_Glória
667,Canhão_Conjurado
668,Muro_de_Espinhos
669,Ressurreição
670,Concentração
671,Força_Espectral
673,Entrada_Portão_Infernal
674,Unha_do_Kefra
675,Coração_Sombra_Negra
676,Cabelo_Beriel_Amald
677,Coração_Beriel_Amald
678,Alma_Beriel
679,Proteção_Divina
680,Kit_de_Cura_(5_M.)
681,Kit_de_Cura_(10_M.)
682,Kit_de_Cura_(20_M.)
683,Kit_de_Cura_(5_XG.)
684,Kit_de_Cura_(10_XG.)
685,Kit_de_Cura_(20_XG.)
686,Kit_de_Mana_(5_M.)
687,Kit_de_Mana_(10_M.)
688,Kit_de_Mana_(10_M.)
689,Kit_de_Mana_(5_XG.)
690,Kit_de_Mana_(10_XG.)
691,Kit_de_Mana_(20_XG.)
692,Pedaço_do_Círc_Div_Comp
693,Círculo_Divino_Comp_Puro
694,Círculo_Divino_Comp_Puro
695,Círculo_Divino_Comp_Puro
696,Moedas_de_Ouro
697,Safira
698,Moedas_de_Ouro(G)
699,Pergaminho_do_Teleporte
700,Gema_Estelar
701,Varinha_do_Carbunkle
702,Machado_Ciclope
703,Machado_de_Argos_Reserva
704,Disco_de_Argos
705,Machado_do_Meio_Orc
706,Arma_do_Guerreiro_Orc
707,Arma_do_Caçador_Troll
708,Arma_do_Grande_Carbunkle
709,Arma_do_Ciclope
710,Arma_do_Taurus_Assustador
711,Rei_Taurus
712,Cajado_do_Guardião
713,Cajado_do_Troll
714,Médico_Orc
715,Machado_Argos
716,Machado_do_Ciclope_Cruel
717,Lança_do_Taurus
718,Martelo_Zakum
719,Machado_Zakum
720,Arco_Zakum
721,Katana_Anfibio
722,Tsurugi_Anfibio
723,Espada_Esqueleto_1
724,Espada_Esqueleto_2
725,Escudo_Esqueleto
726,Foice_Esqueleto
727,Lança_Esqueleto
728,Machado_Cavaleiro_Negro
729,Arco_Elfo
730,Machado_de_Osso
731,Cajado_da_Jóia_Azul
732,Olho_do_Carbunkle
733,Gungnir
734,Manto_do_Guerreiro
735,Manto_de_Shiner
736,Capa_de_Hekalotia
737,Capa_de_Akelonia
738,Capa_Negra_do_Monstro
739,Martelo_Argos_Infernal
740,Espada_do_Elfo_Negro
741,Cajado_do_Elfo_Negro
742,Escudo_do_Elfo_Negro
743,Lança_do_Zumbi_Troll
744,Garra_do_Gorgon_Infernal
745,Lança_do_Rei_Demonlord
746,Canhão
747,Coroa_de_Atilla
748,Arma_de_Treant
749,Arco_do_Tauron
750,Evento_de_Natal
751,Emblema_do_Dragão
752,Emblema_da_Fênix_LV1
753,Imp
754,Emblema_da_Fênix_LV2
755,Emblema_da_Fênix_LV3
756,Emblema_da_Fênix_LV4
757,Portão_dos_2_Castelos
758,Porta_do_Primeiro_Teste
759,Porta_do_Segundo_Teste
760,Porta_do_Terceiro_Teste
761,Porta_do_Quarto_Teste
762,Netuno
763,Urano
764,Venus
765,Marte
766,Saturno
767,Mercúrio
768,Júpiter
769,Nyerdes
770,Folha_de_Mandrágora
771,Coração_da_Nyerdes
772,Jóia_da_Escuridão
773,Portão_do_Castelo
774,Pedra_da_Troca_Maior
775,Pedra_da_Troca_Menor
776,Pergaminho_de_Portal(10)
777,Pergaminho_da_Água(M)LV1
778,Pergaminho_da_Água(M)LV2
779,Pergaminho_da_Água(M)LV3
780,Pergaminho_da_Água(M)LV4
781,Pergaminho_da_Água(M)LV5
782,Pergaminho_da_Água(M)LV6
783,Pergaminho_da_Água(M)LV7
784,Pergaminho_da_Água(M)LV8
785,Evocação_Neses(M)
786,Item_de_2x_HP(Montro)
787,Poção_Kappa
788,Mapa_do_Continente_1
789,Mapa_do_Continente_2
790,Mapa_do_Continente_3
791,Mapa_do_Continente_4
792,Mapa_do_Continente_5
793,Mapa_do_Continente_6
794,NONAME
795,NONAME
796,NONAME
797,NONAME
798,NONAME
799,NONAME
800,Portão_do_Castelo
801,Porrete
802,Machado
803,Maça_Pesada
804,Maça
805,Kraika
806,Machado_Duplo
807,Maça_Gótica
808,Martelo_Mythril
809,Martelo_Dragão
810,Martelo_Assassino
811,Balmung
816,Arco_Curto
817,Arco_de_Madeira
818,Arco_Longo
819,Arco_de_Batalha
820,Arco_da_Confusão
821,Arco_Veloz
822,Arco_Mythril
823,Arco_Hidra
824,Arco_Élfico
825,Arco_Divino
826,Skytalos
831,Garra
832,Manopla_Cortante
833,Garra_de_Ferro
834,Garra_Afiada
835,Faca_Quimerica
836,Garra_da_Escuridão
837,Lança_Invisível
838,Faca_do_Assassino
839,Presas_de_Behemoth
840,Garra_Draconiana
841,Khyrius
846,Lança_Curta
847,Lança_Curva
848,Lança_do_Vento
849,Matadora_de_Dragão
850,Lança_Escorpião
851,Tridente
852,Lança_da_Corrupção
853,Longinius
854,Gungnir
855,Lança_do_Triunfo
856,Gleipnir
861,Adaga
862,Espada_Curta
863,Stiletto
864,Rapier
865,Cimitarra
866,Espada_em_Cruz
867,Gladio
868,Lâmina_Espiritual
869,Gram
870,Espada_Vorpal
871,Caliburn
876,Dardo
877,Machado_de_Arremesso
878,Dardo_Místico
879,Bumerangue_Cortante
880,Tomahawk
881,Chakram
882,Shamir
883,Faca_Astaroth
884,Lança_Relâmpago
885,Cruz_Sagrada
886,Hermai
891,Cajado_de_Madeira
892,Varinha_da_Guerra
893,Cajado_Cortante
894,Bastão_Serpente
895,Cajado_Silencioso
896,Varinha_Falcon
897,Cajado_do_Santo
898,Varinha_Alada
899,Olho_do_Carbunkle
900,Fúria_Divina
901,Cajado_da_Jóia_Azul
902,Cajado_de_Âmbar
903,Eirenus
904,Neorion
906,Espada_Longa
907,Espada_Bastarda
908,Espada_Larga
909,Lâmina_Dupla
910,Luna
911,Solaris
912,Thrasytes
916,Machado_Apocalíptico
917,Florete
918,Lança_Mágica
919,Cajado_Mortal
920,Lança_de_Caça
921,Garra_Tripla
922,Javelin
923,Arco_de_Cinzas
931,Martelo
932,Martelo_de_Guerra
933,Machado_de_Batalha
934,Grande_Machado
935,Martelo_Psíquico
936,Mjolnir
937,Basileus
938,Martelo_de_Pedra
939,Katana
940,Cajado_Orc
941,Foice_do_Mago
942,Foice_de_Argos
943,Arco_de_Caveira
944,Lança_de_Taurus
945,Tsurugi
946,Machado_Cav_Orc
947,Martelo_Troll
948,Machado_Meio_Orc
949,Machado_Troll
950,Arco_Orc
951,Stiletto
952,Rapier
953,Cimitarra
954,Espada_em_Cruz
955,Gladio
956,Espada_Longa
957,Espada_Bastarda
958,Espada_Larga
959,Lâmina_Dupla
960,Luna
961,Maça_Pesada
962,Maça
963,Kraika
964,Machado_Duplo
965,Maça_Gótica
966,Martelo
967,Martelo_de_Guerra
968,Machado_de_Batalha
969,Grande_Machado
970,Martelo_Sykik
971,Arco_Longo
972,Arco_de_Batalha
973,Arco_da_Confusão
974,Arco_Veloz
975,Arco_Mythril
976,Cajado_Cortante
977,Bastão_Serpente
978,Cajado_Silencioso
979,Varinha_Falcon
980,Cajado_do_Santo
981,Garra
982,Garra_Afiada
983,Faca_Quimerica
984,Garra_da_Escuridão
985,Lança_Invisível
986,Lança_do_Vento
987,Matadora_de_Dragão
988,Pochard
989,Tridente
990,Lança_da_Corrupção
991,Dardo_Místico
992,Bumerang_Cortante
993,Tomahawk
994,Chakram
995,Shamir
996,Varinha_do_Carbuncle_Noel
1005,Machado_Vanaheim
1006,Arco_Æsir
1007,Garras_de_Frigg
1008,Lança_de_Odin
1009,Lâmina_Magni
1010,Cruz_de_Hella
1011,Cajado_Nerthus
1012,Bastão_de_Tyr
1013,Sabre_de_Týr
1014,Martelo_de_Thor
1015,Escudo_de_Hœnir
1101,Elmo_de_Couro(N)
1102,Elmo_de_Couro(M)
1103,Elmo_de_Couro(A)
1104,Elmo_de_Couro_Duro(N)
1105,Elmo_de_Couro_Duro(M)
1106,Elmo_de_Couro_Duro(A)
1107,Elmo_de_Couro_Batido(N)
1108,Elmo_de_Couro_Batido(M)
1109,Elmo_de_Couro_Batido(A)
1110,Elmo_de_Malha(N)
1111,Elmo_de_Malha(M)
1112,Elmo_de_Malha(A)
1113,Armadura_de_Couro(N)
1114,Armadura_de_Couro(M)
1115,Armadura_de_Couro(A)
1116,Armadura_Couro_Duro(N)
1117,Armadura_Couro_Duro(M)
1118,Armadura_Couro_Duro(A)
1119,Cota_de_Couro_Batido(N)
1120,Cota_de_Couro_Batido(M)
1121,Cota_de_Couro_Batido(A)
1122,Armadura_de_Malha(N)
1123,Armadura_de_Malha(M)
1124,Armadura_de_Malha(A)
1125,Calça_de_Couro(N)
1126,Calça_de_Couro(M)
1127,Calça_de_Couro(A)
1128,Calça_de_Couro_Duro(N)
1129,Calça_de_Couro_Duro(M)
1130,Calça_de_Couro_Duro(A)
1131,Cota_de_Couro_Batido(N)
1132,Cota_de_Couro_Batido(M)
1133,Cota_de_Couro_Batido(A)
1134,Calça_de_Malha(N)
1135,Calça_de_Malha(M)
1136,Calça_de_Malha(A)
1137,Luvas_de_Couro(N)
1138,Luvas_de_Couro(M)
1139,Luvas_de_Couro(A)
1140,Luvas_de_Couro_Duro(N)
1141,Luvas_de_Couro_Duro(M)
1142,Luvas_de_Couro_Duro(A)
1143,Luvas_de_Couro_Batido(N)
1144,Luvas_de_Couro_Batido(M)
1145,Luvas_de_Couro_Batido(A)
1146,Manoplas_de_Malha(N)
1147,Manoplas_de_Malha(M)
1148,Manoplas_de_Malha(A)
1149,Botas_de_Couro(N)
1150,Botas_de_Couro(M)
1151,Botas_de_Couro(A)
1152,Botas_de_Couro_Duro(N)
1153,Botas_de_Couro_Duro(M)
1154,Botas_de_Couro_Duro(A)
1155,Botas_de_Couro_Batido(N)
1156,Botas_de_Couro_Batido(M)
1157,Botas_de_Couro_Batido(A)
1158,Botas_de_Malha(N)
1159,Botas_de_Malha(M)
1160,Botas_de_Malha(A)
1161,Elmo_de_Aço(N)
1162,Elmo_de_Aço(M)
1163,Elmo_de_Aço(A)
1164,Armadura_de_Aço(N)
1165,Armadura_de_Aço(M)
1166,Armadura_de_Aço(A)
1167,Calça_de_Aço(N)
1168,Calça_de_Aço(M)
1169,Calça_de_Aço(A)
1170,Manoplas_de_Aço(N)
1171,Manoplas_de_Aço(M)
1172,Manoplas_de_Aço(A)
1173,Botas_de_Aço(N)
1174,Botas_de_Aço(M)
1175,Botas_de_Aço(A)
1176,Elmo_Dourado(N)
1177,Elmo_Dourado(M)
1178,Elmo_Dourado(A)
1179,Armadura_Dourada(N)
1180,Armadura_Dourada(M)
1181,Armadura_Dourada(A)
1182,Calça_Dourada(N)
1183,Calça_Dourada(M)
1184,Calça_Dourada(A)
1185,Manoplas_Douradas(N)
1186,Manoplas_Douradas(M)
1187,Manoplas_Douradas(A)
1188,Botas_Douradas(N)
1189,Botas_Douradas(M)
1190,Botas_Douradas(A)
1191,Elmo_Anão(N)
1192,Elmo_Anão(M)
1193,Elmo_Anão(A)
1194,Armadura_Anã(N)
1195,Armadura_Anã(M)
1196,Armadura_Anã(A)
1197,Calça_Anã(N)
1198,Calça_Anã(M)
1199,Calça_Anã(A)
1200,Manopla_Anã(N)
1201,Manopla_Anã(M)
1202,Manopla_Anã(A)
1203,Botas_Anã(N)
1204,Botas_Anã(M)
1205,Botas_Anã(A)
1206,Elmo_Embutido(N)
1207,Elmo_Embutido(M)
1208,Elmo_Embutido(A)
1209,Armadura_Embutida(N)
1210,Armadura_Embutida(M)
1211,Armadura_Embutida(A)
1212,Calça_Embutida(N)
1213,Calça_Embutida(M)
1214,Calça_Embutida(A)
1215,Manoplas_Embutidas(N)
1216,Manoplas_Embutidas(M)
1217,Manoplas_Embutidas(A)
1218,Botas_Embutidas(N)
1219,Botas_Embutidas(M)
1220,Botas_Embutidas(A)
1221,Armadura_Flamejante
1222,Calça_Flamejante
1223,Manoplas_Flamejantes
1224,Botas_Flamejantes
1225,Elmo_Mortal
1226,Armadura_Mortal
1227,Calça_Mortal
1228,Monaplas_Mortais
1229,Botas_Mortais
1230,Armadura_Melpômene
1231,Calça_Melpômene
1232,Luvas_Melpômene
1233,Botas_Melpômene
1234,Armadura_Melpômene_Selado
1235,Calça_Melpômene_Selado
1236,Luvas_Melpômene_Selado
1237,Botas_Melpômene_Selado
1238,Peitoral_Tivas
1239,Calça_Tivas
1240,Luvas_Tivas
1241,Botas_Tivas
1251,Bandana_de_Pano(N)
1252,Bandana_de_Pano(M)
1253,Bandana_de_Pano(A)
1254,Bandana_de_Seda(N)
1255,Bandana_de_Seda(M)
1256,Bandana_de_Seda(A)
1257,Chapéu_Vampírico(N)
1258,Chapéu_Vampírico(M)
1259,Chapéu_Vampírico(A)
1260,Chapéu_Sombrio(N)
1261,Chapéu_Sombrio(M)
1262,Chapéu_Sombrio(A)
1263,Túnica_de_Pano(N)
1264,Túnica_de_Pano(M)
1265,Túnica_de_Pano(A)
1266,Robe_de_Seda(N)
1267,Robe_de_Seda(M)
1268,Robe_de_Seda(A)
1269,Túnica_Vampírica(N)
1270,Túnica_Vampírica(M)
1271,Túnica_Vampírica(A)
1272,Robe_Sombrio(N)
1273,Robe_Sombrio(M)
1274,Robe_Sombrio(A)
1275,Saia_de_Pano(N)
1276,Saia_de_Pano(M)
1277,Saia_de_Pano(A)
1278,Saia_de_Seda(N)
1279,Saia_de_Seda(M)
1280,Saia_de_Seda(A)
1281,Saia_Vampírica(N)
1282,Saia_Vampírica(M)
1283,Saia_Vampírica(A)
1284,Calça_Sombria(N)
1285,Calça_Sombria(M)
1286,Calça_Sombria(A)
1287,Luvas_de_Pano(N)
1288,Luvas_de_Pano(M)
1289,Luvas_de_Pano(A)
1290,Luvas_de_Seda(N)
1291,Luvas_de_Seda(M)
1292,Luvas_de_Seda(A)
1293,Luvas_Vampíricas(N)
1294,Luvas_Vampíricas(M)
1295,Luvas_Vampíricas(A)
1296,Luvas_Sombrias(N)
1297,Luvas_Sombrias(M)
1298,Luvas_Sombrias(A)
1299,Botas_de_Pano(N)
1300,Botas_de_Pano(M)
1301,Botas_de_Pano(A)
1302,Botas_de_Seda(N)
1303,Botas_de_Seda(M)
1304,Botas_de_Seda(A)
1305,Botas_Vampíricas(N)
1306,Botas_Vampíricas(M)
1307,Botas_Vampíricas(A)
1308,Botas_Sombrias(N)
1309,Botas_Sombrias(M)
1310,Botas_Sombrias(A)
1311,Chapéu_de_Concha(N)
1312,Chapéu_de_Concha(M)
1313,Chapéu_de_Concha(A)
1314,Túnica_de_Concha(N)
1315,Túnica_de_Concha(M)
1316,Túnica_de_Concha(A)
1317,Calça_de_Concha(N)
1318,Calça_de_Concha(M)
1319,Calça_de_Concha(A)
1320,Luvas_de_Concha(N)
1321,Luvas_de_Concha(M)
1322,Luvas_de_Concha(A)
1323,Botas_de_Concha(N)
1324,Botas_de_Concha(M)
1325,Botas_de_Concha(A)
1326,Chapéu_Conjurador(N)
1327,Chapéu_Conjurador(M)
1328,Chapéu_Conjurador(A)
1329,Túnica_Conjuradora(N)
1330,Túnica_Conjuradora(M)
1331,Túnica_Conjuradora(A)
1332,Calça_Conjuradora(N)
1333,Calça_Conjuradora(M)
1334,Calça_Conjuradora(A)
1335,Luvas_Conjuradoras(N)
1336,Luvas_Conjuradoras(M)
1337,Luvas_Conjuradoras(A)
1338,Botas_Conjuradoras(N)
1339,Botas_Conjuradoras(M)
1340,Botas_Conjuradoras(A)
1341,Chapéu_de_Mytril(N)
1342,Chapéu_de_Mytril(M)
1343,Chapéu_de_Mytril(A)
1344,Túnica_de_Mytril(N)
1345,Túnica_de_Mytril(M)
1346,Túnica_de_Mytril(A)
1347,Calça_de_Mytril(N)
1348,Calça_de_Mytril(M)
1349,Calça_de_Mytril(A)
1350,Luvas_de_Mytril(N)
1351,Luvas_de_Mytril(M)
1352,Luvas_de_Mytril(A)
1353,Botas_de_Mytril(N)
1354,Botas_de_Mytril(M)
1355,Botas_de_Mytril(A)
1356,Túnica_Guardiã
1357,Calça_Guardiã
1358,Manoplas_Guardiãs
1359,Botas_Guardiãs
1360,Elmo_Templário
1361,Túnica_Templária
1362,Calça_Templária
1363,Manoplas_Templárias
1364,Botas_Templárias
1365,Tunica_Potâmides
1366,Calça_Potâmides
1367,Luvas_Potâmides
1368,Botas_Potâmides
1369,Robe_Potâmides_Selado
1370,Calça_Potâmides_Selado
1371,Luvas_Potâmides_Selado
1372,Botas_Potâmides_Selado
1373,Túnica_Njord
1374,Calça_Njord
1375,Luvas_Njord
1376,Botas_Njord
1401,Chapéu_Pele_de_Animal(N)
1402,Chapéu_Pele_de_Animal(M)
1403,Chapéu_Pele_de_Animal(A)
1404,Robe_Pele_de_Animal(N)
1405,Robe_Pele_de_Animal(M)
1406,Robe_Pele_de_Animal(A)
1407,Calça_Pele_de_Animal(N)
1408,Calça_Pele_de_Animal(M)
1409,Calça_Pele_de_Animal(A)
1410,Luvas_Pele_de_Animal(N)
1411,Luvas_Pele_de_Animal(M)
1412,Luvas_Pele_de_Animal(A)
1413,Sapatos_Pele_de_Animal(N)
1414,Sapatos_Pele_de_Animal(M)
1415,Sapatos_Pele_de_Animal(A)
1416,Elmo_Lupino(N)
1417,Elmo_Lupino(M)
1418,Elmo_Lupino(A)
1419,Armadura_Lupina(N)
1420,Armadura_Lupina(M)
1421,Armadura_Lupina(A)
1422,Calça_Lupina(N)
1423,Calça_Lupina(M)
1424,Calça_Lupina(A)
1425,Luvas_Lupinas(N)
1426,Luvas_Lupinas(M)
1427,Luvas_Lupinas(A)
1428,Botas_Lupinas(N)
1429,Botas_Lupinas(M)
1430,Botas_Lupinas(A)
1431,Elmo_Leonino(N)
1432,Elmo_Leonino(M)
1433,Elmo_Leonino(A)
1434,Armadura_Leonina(N)
1435,Armadura_Leonina(M)
1436,Armadura_Leonina(A)
1437,Calça_Leonina(N)
1438,Calça_Leonina(M)
1439,Calça_Leonina(A)
1440,Luvas_Leoninas(N)
1441,Luvas_Leoninas(M)
1442,Luvas_Leoninas(A)
1443,Botas_Leoninas(N)
1444,Botas_Leoninas(M)
1445,Botas_Leoninas(A)
1446,Elmo_de_Águia(N)
1447,Elmo_de_Águia(M)
1448,Elmo_de_Águia(A)
1449,Armadura_de_Águia(N)
1450,Armadura_de_Águia(M)
1451,Armadura_de_Águia(A)
1452,Calça_de_Águia(N)
1453,Calça_de_Águia(M)
1454,Calça_de_Águia(A)
1455,Luvas_de_Águia(N)
1456,Luvas_de_Águia(M)
1457,Luvas_de_Águia(A)
1458,Botas_de_Águia(N)
1459,Botas_de_Águia(M)
1460,Botas_de_Águia(A)
1461,Elmo_de_Osso(N)
1462,Elmo_de_Osso(M)
1463,Elmo_de_Osso(A)
1464,Armadura_de_Osso(N)
1465,Armadura_de_Osso(M)
1466,Armadura_de_Osso(A)
1467,Calça_de_Osso(N)
1468,Calça_de_Osso(M)
1469,Calça_de_Osso(A)
1470,Manoplas_de_Osso(N)
1471,Manoplas_de_Osso(M)
1472,Manoplas_de_Osso(A)
1473,Botas_de_Osso(N)
1474,Botas_de_Osso(M)
1475,Botas_de_Osso(A)
1476,Elmo_Aeon(N)
1477,Elmo_Aeon(M)
1478,Elmo_Aeon(A)
1479,Armadura_Aeon(N)
1480,Armadura_Aeon(M)
1481,Armadura_Aeon(A)
1482,Calça_Aeon(N)
1483,Calça_Aeon(M)
1484,Calça_Aeon(A)
1485,Manoplas_Aeon(N)
1486,Manoplas_Aeon(M)
1487,Manoplas_Aeon(A)
1488,Botas_Aeon(N)
1489,Botas_Aeon(M)
1490,Botas_Aeon(A)
1491,Elmo_Elemental(N)
1492,Elmo_Elemental(M)
1493,Elmo_Elemental(A)
1494,Armadura_Elemental(N)
1495,Armadura_Elemental(M)
1496,Armadura_Elemental(A)
1497,Calça_Elemental(N)
1498,Calça_Elemental(M)
1499,Calça_Elemental(A)
1500,Manoplas_Elementais(N)
1501,Manoplas_Elementais(M)
1502,Manoplas_Elementais(A)
1503,Botas_Elementais(N)
1504,Botas_Elementais(M)
1505,Botas_Elementais(A)
1506,Armadura_da_Destruição
1507,Calça_da_Destruição
1508,Manoplas_da_Derstruição
1509,Botas_da_Destruição
1510,Elmo_do_Corvo
1511,Armadura_do_Corvo
1512,Calça_do_Corvo
1513,Manoplas_do_Corvo
1514,Botas_do_Corvo
1515,Peitoral_Dríade
1516,Calças_Dríade
1517,Luvas_Dríade
1518,Botas_Dríade
1519,Peitoral_Dríade_Selado
1520,Calças_Dríade_Selado
1521,Luvas_Dríade_Selado
1522,Botas_Dríade_Selado
1523,Peitoral_Vidar
1524,Calça_Vidar
1525,Luvas_Vidar
1526,Botas_Vidar
1551,Chapéu_Acolchoado(N)
1552,Chapéu_Acolchoado(M)
1553,Chapéu_Acolchoado(A)
1554,Jaqueta_Acolchoada(N)
1555,Jaqueta_Acolchoada(M)
1556,Jaqueta_Acolchoada(A)
1557,Calça_Acolchoada(N)
1558,Calça_Acolchoada(M)
1559,Calça_Acolchoada(A)
1560,Manoplas_Acolchoadas(N)
1561,Manoplas_Acolchoadas(M)
1562,Manoplas_Acolchoadas(A)
1563,Botas_Acolchoadas(N)
1564,Botas_Acolchoadas(M)
1565,Botas_Acolchoadas(A)
1566,Elmo_de_Ferro(N)
1567,Elmo_de_Ferro(M)
1568,Elmo_de_Ferro(A)
1569,Peitoral_de_Ferro(N)
1570,Peitoral_de_Ferro(M)
1571,Peitoral_de_Ferro(A)
1572,Calça_de_Ferro(N)
1573,Calça_de_Ferro(M)
1574,Calça_de_Ferro(A)
1575,Braçadeira_de_Ferro(N)
1576,Braçadeira_de_Ferro(M)
1577,Braçadeira_de_Ferro(A)
1578,Botas_de_Ferro(N)
1579,Botas_de_Ferro(M)
1580,Botas_de_Ferro(A)
1581,Chapéu_de_Bandagem(N)
1582,Chapéu_de_Bandagem(M)
1583,Chapéu_de_Bandagem(A)
1584,Peitoral_de_Bandagem(N)
1585,Peitoral_de_Bandagem(M)
1586,Peitoral_de_Bandagem(A)
1587,Calça_de_Bandagem(N)
1588,Calça_de_Bandagem(M)
1589,Calça_de_Bandagem(A)
1590,Manopla_de_Bandagem(N)
1591,Manopla_de_Bandagem(M)
1592,Manopla_de_Bandagem(A)
1593,Botas_de_Bandagem(N)
1594,Botas_de_Bandagem(M)
1595,Botas_de_Bandagem(A)
1596,Chapéu_de_Metal(N)
1597,Chapéu_de_Metal(M)
1598,Chapéu_de_Metal(A)
1599,Peitoral_de_Metal(N)
1600,Peitoral_de_Metal(M)
1601,Peitoral_de_Metal(A)
1602,Calça_de_Metal(N)
1603,Calça_de_Metal(M)
1604,Calça_de_Metal(A)
1605,Braçadeira_de_Metal(N)
1606,Braçadeira_de_Metal(M)
1607,Braçadeira_de_Metal(A)
1608,Botas_de_Metal(N)
1609,Botas_de_Metal(M)
1610,Botas_de_Metal(A)
1611,Elmo_de_Combate(N)
1612,Elmo_de_Combate(M)
1613,Elmo_de_Combate(A)
1614,Peitoral_de_Combate(N)
1615,Peitoral_de_Combate(M)
1616,Peitoral_de_Combate(A)
1617,Calça_De_Combate(N)
1618,Calça_De_Combate(M)
1619,Calça_De_Combate(A)
1620,Braçadeira_de_Combate(N)
1621,Braçadeira_de_Combate(M)
1622,Braçadeira_de_Combate(A)
1623,Botas_de_Combate(N)
1624,Botas_de_Combate(M)
1625,Botas_de_Combate(A)
1626,Chapéu_da_Natureza(N)
1627,Chapéu_da_Natureza(M)
1628,Chapéu_da_Natureza(A)
1629,Peitoral_da_Natureza(N)
1630,Peitoral_da_Natureza(M)
1631,Peitoral_da_Natureza(A)
1632,Calça_da_Natureza(N)
1633,Calça_da_Natureza(M)
1634,Calça_da_Natureza(A)
1635,Luvas_da_Natureza(N)
1636,Luvas_da_Natureza(M)
1637,Luvas_da_Natureza(A)
1638,Botas_da_Natureza(N)
1639,Botas_da_Natureza(M)
1640,Botas_da_Natureza(A)
1641,Chapéu_de_Teia(N)
1642,Chapéu_de_Teia(M)
1643,Chapéu_de_Teia(A)
1644,Peitoral_de_Teia(N)
1645,Peitoral_de_Teia(M)
1646,Peitoral_de_Teia(A)
1647,Calça_de_Teia(N)
1648,Calça_de_Teia(M)
1649,Calça_de_Teia(A)
1650,Braçadeira_de_Teia(N)
1651,Braçadeira_de_Teia(M)
1652,Braçadeira_de_Teia(A)
1653,Botas_de_Teia(N)
1654,Botas_de_Teia(M)
1655,Botas_de_Teia(A)
1656,Armadura_Rake
1657,Calça_Rake
1658,Manoplas_Rake
1659,Botas_Rake
1660,Elmo_Legionário
1661,Armadura_Legionária
1662,Calça_Legionária
1663,Manoplas_Legionárias
1664,Botas_Legionárias
1665,Túnica_Urânia
1666,Calça_Urânia
1667,Manoplas_Urânia
1668,Botas_Urânia
1669,Túnica_Urânia_Selado
1670,Calça_Urânia_Selado
1671,Manoplas_Urânia_Selado
1672,Botas_Urânia_Selado
1673,Peitoral_Loki
1674,Calça_Loki
1675,Manoplas_Loki
1676,Botas_Loki
1701,Escudo_de_Madeira
1702,Broquel_de_Aço
1703,Broquel_de_Guerra
1704,Escudo_de_Cavalaria
1705,Escudo_de_Prata
1706,Escudo_do_Cavaleiro
1707,Escudo_de_Bronze
1708,Escudo_da_Torre
1709,Aegis
1710,Escudo_de_Runas
1711,Hophlon
1712,Escudo_do_Guardião
1713,Escudo_Svalin
1714,Escudo_Svalin_Selado
1720,Capa_da_Escuridão
1721,Bola_de_Neve
1722,Galho
1723,Freixo_de_Feno
1724,Chapéu
1725,Cenoura
1726,Griupan
1727,Árvore_de_Natal
1728,Fogos_de_Artifício
1729,Envelope_de_Dinheiro(M)
1730,Envelope_de_Dinheiro(C)
1731,Carta_de_Duelo(A)
1732,Símbolo_de_Coragem
1733,Runa
1734,Runa
1735,Runa
1736,Runa
1737,Ingresso_Big_Cubo
1738,Amuleto_dos_Amantes
1739,Chocolate_do_Amor
1740,Alma_do_Unicórnio
1741,Alma_da_Fênix
1742,Pedra_da_Imortalidade
1744,Pedra_da_Inteligência
1745,Pedra_da_Sabedoria
1746,Pedra_da_Misericórdia
1747,Pedra_do_Abismo
1748,Pedra_da_Beleza
1749,Pedra_da_Vitória
1750,Pedra_da_Originalidade
1751,Pedra_do_Reino
1752,Pedra_do_Lorde_Orc
1753,Pedra_do_Esqueleto
1754,Pedra_de_Dragão_Lich
1755,Pedra_do_Demonlord
1756,Pedra_de_Mantícora
1757,Pedra_de_Gárgula_de_Fogo
1758,Pedra_do_Lugefer
1759,Pedra_do_Rei_Demonlord
1760,Sephirot(TransKnight)
1761,Sephirot(Foema)
1762,Sephirot(BeastMaster)
1763,Sephirot(Huntress)
1764,Poção_Combatente
1765,Poção_Mental
1766,Capa_dos_Campeões
1767,Capa_dos_Campeões
1768,Capa_dos_Campeões
1769,Capa_dos_Campeões
1770,Capa_dos_Campeões
1771,Capa_dos_Campeões
1772,Convite_para_o_Cubo(N)
1773,Fruto_Sagrado
1774,Pedra_do_Sábio
1775,11_Item_Refinado
1776,12_Item_Refinado
1777,Pergaminho_Kefra(N)
1778,Pergaminho_Kefra(M)
1779,Pergaminho_Kefra(A)
1801,Elmo_de_Couro(A)
1802,Elmo_de_Couro_Duro(A)
1803,Elmo_de_Couro_Batido(A)
1804,Elmo_de_Malha(A)
1805,Armadura_de_Couro(A)
1806,Armadura_Couro_Duro(A)
1807,Cota_de_Couro_Batido(A)
1808,Armadura_de_Malha(A)
1809,Calça_de_Couro(A)
1810,Calça_de_Couro_Duro(A)
1811,Cota_de_Couro_Batido(A)
1812,Calça_de_Malha(A)
1813,Luvas_de_Couro(A)
1814,Luvas_de_Couro_Duro(A)
1815,Luvas_de_Couro_Batido(A)
1816,Manoplas_de_Malha(A)
1817,Botas_de_Couro(A)
1818,Botas_de_Couro_Duro(A)
1819,Botas_de_Couro_Batido(A)
1820,Botas_de_Malha(A)
1821,Bandana_de_Pano(A)
1822,Bandana_de_Seda(A)
1823,Chapéu_Vampírico(A)
1824,Chapéu_Sombrio(A)
1825,Túnica_de_Pano(A)
1826,Robe_de_Seda(A)
1827,Túnica_Vampírica(A)
1828,Robe_Sombrio(A)
1829,Calça_de_Pano(A)
1830,Saia_de_Seda(A)
1831,Saia_Vampírica(A)
1832,Calça_Sombria(A)
1833,Luvas_de_Pano(A)
1834,Luvas_de_Seda(A)
1835,Luvas_Vampíricas(A)
1836,Luvas_Sombrias(A)
1837,Botas_de_Pano(A)
1838,Botas_de_Seda(A)
1839,Botas_Vampíricas(A)
1840,Botas_Sombrias(A)
1841,Elmo_de_Couro_Batido(N)
1842,Elmo_de_Malha(N)
1843,Cota_de_Couro_Batido(N)
1844,Armadura_de_Malha(N)
1845,Cota_de_Couro_Batido(N)
1846,Calça_de_Malha(N)
1847,Luvas_de_Cauro_Batido(N)
1848,Manoplas_de_Malha(N)
1849,Botas_de_Couro_Batido(N)
1850,Botas_de_Malha(N)
1851,Chapéu_Vampírico(N)
1852,Chapéu_Sombrio(N)
1853,Túnica_Vampírica(N)
1854,Robe_Sombrio(N)
1855,Saia_Vampírica(N)
1856,Calça_Sombria(N)
1857,Luvas_Vampíricas(N)
1858,Luvas_Sombrias(N)
1859,Botas_Vampíricas(N)
1860,Botas_Sombrias(N)
1861,Elmo_de_Aço(A)
1862,Armadura_de_Aço(A)
1863,Calça_de_Aço(A)
1864,Manoplas_de_Aço(A)
1865,Botas_de_Aço(A)
1866,Elmo_de_Aço(M)
1867,Armadura_de_Aço(M)
1868,Calça_de_Aço(M)
1869,Manoplas_de_Aço(M)
1870,Botas_de_Aço(M)
1871,Elmo_Dourado(A)
1872,Armadura_Dourada(A)
1873,Calça_Dourada(A)
1874,Manoplas_Douradas(A)
1875,Botas_Douradas(A)
1876,Elmo_Dourado(M)
1877,Armadura_Dourada(M)
1878,Calça_Dourada(M)
1879,Manoplas_Douradas(M)
1880,Botas_Douradas(M)
1881,Elmo_de_Concha(A)
1882,Túnica_de_Concha(A)
1883,Calça_de_Concha(A)
1884,Luvas_de_Concha(A)
1885,Botas_de_Concha(A)
1886,Elmo_de_Concha(M)
1887,Túnica_de_Concha(M)
1888,Calça_de_Concha(M)
1889,Luvas_de_Concha(M)
1890,Botas_de_Concha(M)
1891,Chapéu_Conjurador(A)
1892,Túnica_Conjuradora(A)
1893,Calça_Conjuradora(A)
1894,Luvas_Conjuradoras(A)
1895,Botas_Conjuradoras(A)
1896,Chapéu_Conjurador(M)
1897,Túnica_Conjuradora(M)
1898,Calça_Conjuradora(M)
1899,Luvas_Conjuradoras(M)
1900,Botas_Conjuradoras(M)
1901,Machado_Gaoth_Selado
1902,Eithna_selado
1903,Lupercus_Selado
1904,Gae_Bulg_Selado
1905,Tyrfing_Selado
1906,Kenten_selado
1907,Cetro_Rithil_Selado
1908,Dordje_Selado
1909,Hrotti_Selado
1910,Martelo_Kaumodaki_Selado
1911,N/A
1913,Lança_de_Arremesso1
1914,Lança_de_Arremesso2
1915,Escudo_Guardião
1916,Escudo_Remanescente
1921,Arma_do_Grande_Tauron
1922,Arma_Tauron
1923,Arma_do_Poderoso_Talos
1924,Arma_do_Morcego_Humano
1925,Foice_do_Lich
1926,Cajado_do_Lich
1927,Machado_Berseker
1928,Escudo_Berseker
1929,Espada_Valquíria
1930,Espada_Templária
1931,Cajado_do_Feiticeiro
1932,Lança_do_Shamã
1933,Arco_do_Ranger
1934,Garra_Kalintz(H)
1935,Arma_do_Troll_de_Gelo
1936,10x_HP_Item(Monstro)
1937,20x_HP_Item(Monstro)
1951,Chapéu_Pele_de_Animal(A)
1952,Robe_Pele_de_Animal(A)
1953,Calça_Pele_de_Animal(A)
1954,Luvas_Pele_de_Animal(A)
1955,Sapatos_Pele_de_Animal(A)
1956,Elmo_Lupino(A)
1957,Armadura_Lupina(A)
1958,Calça_Lupina(A)
1959,Luvas_Lupinas(A)
1960,Botas_Lupinas(A)
1961,Elmo_Leonino(A)
1962,Armadura_Leonina(A)
1963,Calça_Leonina(A)
1964,Luvas_Leoninas(A)
1965,Botas_Leoninas(A)
1966,Elmo_de_Águia(A)
1967,Armadura_de_Águia(A)
1968,Calça_de_Águia(A)
1969,Luvas_de_Águia(A)
1970,Botas_de_Águia(A)
1971,Elmo_de_Osso(A)
1972,Armadura_de_Osso(A)
1973,Calça_de_Osso(A)
1974,Manoplas_de_Osso(A)
1975,Botas_de_Osso(A)
1976,Elmo_Aeon(A)
1977,Armadura_Aeon(A)
1978,Calça_Aeon(A)
1979,Manoplas_Aeon(A)
1980,Botas_Aeon(A)
1986,Elmo_Leonino(M)
1987,Armadura_Leonina(M)
1988,Calça_Leonina(M)
1989,Luvas_Leoninas(M)
1990,Botas_Leoninas(M)
1991,Elmo_de_Águia(M)
1992,Armadura_de_Águia(M)
1993,Calça_de_Águia(M)
1994,Luvas_de_Águia(M)
1995,Botas_de_Águia(M)
1996,Elmo_de_Osso(M)
1997,Armadura_de_Osso(M)
1998,Calça_de_Osso(M)
1999,Manoplas_de_Osso(M)
2000,Botas_de_Osso(M)
2001,Elmo_Aeon(A)
2002,Armadura_Aeon(A)
2003,Calça_Aeon(A)
2004,Manoplas_Aeon(A)
2005,Botas_Aeon(A)
2021,Elmo_Anão(A)
2022,Armadura_Anã(A)
2023,Calça_Anã(A)
2024,Manopla_Anã(A)
2025,Botas_Anã(A)
2026,Elmo_Anão(M)
2027,Armadura_Anã(M)
2028,Calça_Anã(M)
2029,Manoplas_Anãs(M)
2030,Botas_Anãs(M)
2041,Chapéu_Acolchoado(A)
2042,Jaqueta_Acolchoada(A)
2043,Calça_Acolchoada(A)
2044,Manoplas_Acolchoadas(A)
2045,Botas_Acolchoadas(A)
2046,Elmo_de_Ferro(A)
2047,Peitoral_de_Ferro(A)
2048,Calça_de_Ferro(A)
2049,Braçadeira_de_Ferro(A)
2050,Botas_de_Ferro(A)
2051,Chapéu_de_Bandagem(A)
2052,Peitoral_de_Bandagem(A)
2053,Calça_de_Bandagem(A)
2054,Manopla_de_Bandagem(A)
2055,Botas_de_Bandagem(A)
2056,Chapéu_de_Metal(A)
2057,Peitoral_de_Metal(A)
2058,Calça_de_Metal(A)
2059,Braçadeira_de_Metal(A)
2060,Botas_de_Metal(A)
2076,Chapéu_de_Bandagem(M)
2077,Peitoral_de_Bandagem(M)
2078,Calça_de_Bandagem(M)
2079,Manopla_de_Bandagem(M)
2080,Botas_de_Bandagem(M)
2081,Chapéu_de_Metal(M)
2082,Peitoral_de_Metal(M)
2083,Calça_de_Metal(M)
2084,Braçadeira_de_Metal(M)
2085,Botas_de_Metal(M)
2101,Lâmina_Espiritual
2102,Gram
2103,Espada_Vorpal
2106,Solaris
2111,Martelo_Mythril
2112,Martelo_Dragão
2113,Martelo_Assassino
2116,Mjolnir
2121,Arco_Hidra
2122,Arco_Élfico
2123,Arco_Divino
2126,Varinha_Alada
2127,Olho_do_Carbunkle
2128,Fúria_Divina
2129,Cajado_da_Jóia_Azul
2130,Cajado_de_Âmbar
2131,Faca_Assassina
2132,Presas_de_
2133,Garra_de_Dragão
2136,Longinius
2137,Gungnir
2138,Lança_do_Triunfo
2141,Faca_Astaroth
2142,Lança_Relâmpago
2143,Cruz_Sagrada
2151,Elmo_de_Couro_Batido(M)
2152,Elmo_de_Malha(M)
2153,Cota_de_Couro_Batido(M)
2154,Armadura_de_Malha(M)
2155,Cota_de_Couro_Batido(M)
2156,Calça_de_Malha(M)
2157,Luvas_de_Couro_Batido(M)
2158,Manoplas_de_Malha(M)
2159,Botas_de_Couro_Batido(M)
2160,Botas_de_Malha(M)
2161,Chapéu_Vampírico(M)
2162,Chapéu_Sombrio(M)
2163,Túnica_Vampírica(M)
2164,Robe_Sombrio(M)
2165,Saia_Vampírica(M)
2166,Calça_Sombria(M)
2167,Luvas_Vampíricas(M)
2168,Luvas_Sombrias(M)
2169,Botas_Vampíricas(M)
2170,Botas_Sombrias(M)
2171,Elmo_de_Aço(Le)
2172,Armadura_de_Aço(Le)
2173,Calça_de_Aço(Le)
2174,Manoplas_de_Aço(Le)
2175,Botas_de_Aço(Le)
2176,Elmo_Dourado(Le)
2177,Armadura_Dourada(Le)
2178,Calça_Dourada(Le)
2179,Manoplas_Douradas(Le)
2180,Botas_Douradas(Le)
2181,Elmo_Anão(Le)
2182,Armadura_Anã(Le)
2183,Calça_Anã(Le)
2184,Manopla_Anã(Le)
2185,Botas_Anã(Le)
2186,Elmo_Embutido(Le)
2187,Armadura_Embutida(Le)
2188,Calça_Embutida(Le)
2189,Manoplas_Embutidas(Le)
2190,Botas_Embutidas(Le)
2191,Chapéu_Sombrio(Le)
2192,Robe_Sombrio(Le)
2193,Calça_Sombria(Le)
2194,Luvas_Sombrias(Le)
2195,Botas_Sombrias(Le)
2196,Elmo_de_Concha(Le)
2197,Túnica_de_Concha(Le)
2198,Calça_de_Concha(Le)
2199,Luvas_de_Concha(Le)
2200,Botas_de_Concha(Le)
2201,Chapéu_Conjurador(Le)
2202,Túnica_Conjuradora(Le)
2203,Calça_Conjuradora(Le)
2204,Luvas_Conjuradoras(Le)
2205,Botas_Conjuradoras(Le)
2206,Chapéu_de_Mytril(Le)
2207,Túnica_de_Mytril(Le)
2208,Calça_de_Mytril(Le)
2209,Luvas_de_Mytril(Le)
2210,Botas_de_Mytril(Le)
2211,Elmo_de_Águia(Le)
2212,Armadura_de_Águia(Le)
2213,Calça_de_Águia(Le)
2214,Luvas_de_Águia(Le)
2215,Botas_de_Águia(Le)
2216,Elmo_de_Osso(Le)
2217,Armadura_de_Ossso(Le)
2218,Calça_de_Osso(Le)
2219,Manoplas_de_Osso(Le)
2220,Botas_de_Osso(Le)
2221,Elmo_Aeon(Le)
2222,Armadura_Aeon(Le)
2223,Calça_Aeon(Le)
2224,Manoplas_Aeon(Le)
2225,Botas_Aeon(Le)
2226,Elmo_Elemental(Le)
2227,Armadura_Elemental(Le)
2228,Calça_Elemental(Le)
2229,Manoplas_Elementais(Le)
2230,Botas_Elementais(Le)
2231,Chapéu_de_Metal(Le)
2232,Peitoral_de_Metal(Le)
2233,Calça_de_Metal(Le)
2234,Braçadeira_de_Metal(Le)
2235,Botas_de_Metal(Le)
2236,Elmo_de_Combate(Le)
2237,Peitoral_de_Combate(Le)
2238,Calça_De_Combate(Le)
2239,Braçadeira_de_Combate(Le)
2240,Botas_de_Combate(Le)
2241,Chapéu_da_Natureza(Le)
2242,Peitoral_da_Natureza(Le)
2243,Calça_da_Natureza(Le)
2244,Luvas_da_Natureza(Le)
2245,Botas_da_Natureza(Le)
2246,Chapéu_de_Teia(Le)
2247,Peitoral_de_Teia(Le)
2248,Calça_de_Teia(Le)
2249,Braçadeira_de_Teia(Le)
2250,Botas_de_Teia(Le)
2300,Ovo_de_Porco
2301,Ovo_de_Javali
2302,Ovo_de_Lobo
2303,Ovo_de_Dragão_Menor
2304,Ovo_de_Urso
2305,Ovo_Dente_de_Sabre
2306,Ovo_de_Cavalo_s/Sela_N
2307,Ovo_de_Cavalo_Fantasm_N
2308,Ovo_de_Cavalo_Leve_N
2309,Ovo_de_Cavalo_Equip_N
2310,Ovo_de_Andaluz_N
2311,Ovo_de_Cavalo_s/Sela_B
2312,Ovo_de_Cavalo_Fantasm_B
2313,Ovo_de_Cavalo_Leve_B
2314,Ovo_de_Cavalo_Equip_B
2315,Ovo_de_Andaluz_B
2316,Ovo_de_Fenrir
2317,Ovo_de_Dragão
2318,Ovo_de_Fenrir_das_Sombras
2319,Ovo_de_Tigre_de_Fogo
2320,Ovo_de_Dragão_Vermelho
2321,Ovo_de_Unicornio
2322,Ovo_de_Pegasus
2323,Ovo_de_Unisus
2324,Ovo_de_Grifo
2325,Ovo_de_Hipogrifo
2326,Ovo_de_Grifo_Sangrento
2327,Ovo_de_Svadilfari
2328,Ovo_de_Sleipnir
2329,Ovo_de_Pantera_Negra
2330,Cria_de_Porco
2331,Cria_de_Javali
2332,Cria_de_Lobo
2333,Cria_de_Dragão_Menor
2334,Cria_de_Urso
2335,Cria_Dente_de_Sabre
2336,Cria_de_Cavalo_s/Sela_N
2337,Cria_de_Cavalo_Fantasm_N
2338,Cria_de_Cavalo_Leve_N
2339,Cria_de_Cavalo_Equip_N
2340,Cria_de_Andaluz_N
2341,Cria_de_Cavalo_s/Sela_B
2342,Cria_de_Cavalo_Fantasm_B
2343,Cria_de_Cavalo_Leve_B
2344,Cria_de_Cavalo_Equip_B
2345,Cria_de_Andaluz_B
2346,Cria_de_Fenrir
2347,Cria_de_Dragão
2348,Cria_de_Fenrir_das_Sombras
2349,Cria_de_Tigre_de_Fogo
2350,Cria_de_Dragão_Vermelho
2351,Cria_de_Unicórnio
2352,Cria_de_Pegasus
2353,Cria_de_Unisus
2354,Cria_de_Grifo
2355,Cria_de_Hipogrifo
2356,Cria_de_Grifo_Sangrento
2357,Cria_de_Svadilfari
2358,Cria_de_Sleipnir
2359,Criade_Pantera_Negra
2360,Porco
2361,Javali
2362,Lobo
2363,Dragão_Menor
2364,Urso
2365,Dente_de_Sabre
2366,Cavalo_s/Sela_N
2367,Cavalo_Fantasm_N
2368,Cavalo_Leve_N
2369,Cavalo_Equip_N
2370,Andaluz_N
2371,Cavalo_s/Sela_B
2372,Cavalo_Fantasm_B
2373,Cavalo_Leve_B
2374,Cavalo_Equip_B
2375,Andaluz_B
2376,Fenrir
2377,Dragão
2378,Fenrir_das_Sombras
2379,Tigre_de_Fogo
2380,Dragão_Vermelho
2381,Unicórnio
2382,Pegasus
2383,Unisus
2384,Grifo
2385,Hipogrifo
2386,Grifo_Sangrento
2387,Svadilfari
2388,Sleipnir
2389,Pantera_Negra
2390,Âmago_de_Porco
2391,Âmago_de_Javali
2392,Âmago_de_Lobo
2393,Âmago_de_Dragão_Menor
2394,Âmago_de_Urso
2395,Âmago_de_Dente_de_Sabre
2396,Âmago_de_Cav_s/Sela_N
2397,Âmago_de_Cav_Fantasm_N
2398,Âmago_de_Cavalo_Leve_N
2399,Âmago_de_Cavalo_Equip_N
2400,Âmago_de_Andaluz_N
2401,Âmago_de_Ca_s/Sela_B
2402,Âmago_de_Cav_Fantasm_B
2403,Âmago_de_Cavalo_Leve_B
2404,Âmago_de_Cavalo_Equip_B
2405,Âmago_de_Andaluz_B
2406,Âmago_de_Fenrir
2407,Âmago_de_Dragão
2408,Âmago_de_Fenrir_das_Sombras
2409,Âmago_de_Tigre_de_Fogo
2410,Âmago_de_Dragão_Verm
2411,Âmago_de_Unicórnio
2412,Âmago_de_Pégasus
2413,Âmago_de_Unisus
2414,Âmago_de_Grifo
2415,Âmago_de_Hipogrifo
2416,Âmago_de_Grifo_Sang
2417,Âmago_de_Svadilfari
2418,Âmago_de_Sleipnir
2419,Âmago_de_Pantera_Negra
2420,Ração_de_Porco
2421,Ração_de_Javali
2422,Ração_de_Lobo
2423,Ração_de_Dragão_Menor
2424,Ração_de_Urso
2425,Ração_de_Dente_de_Sabre
2426,Ração_de_Cavalo
2427,Ração_de_Tigre_de_Fogo
2428,Ração_de_Dragão_Verm
2429,Ração_de_Unicórnio
2430,Ração_de_Grifo
2431,Ração_de_Svadilfari
2432,Ração_de_Sleipnir
2433,N/A
2434,N/A
2435,N/A
2436,Ração_de_Fenrir
2437,Ração_de_Dragão
2438,Ração_de_Fenrir_das_Sombras
2439,Ração_de_Pantera_Negra
2441,Diamante
2442,Esmeralda
2443,Coral
2444,Garnet
2451,Porrete(Anct)
2452,Porrete(Anct)
2453,Porrete(Anct)
2454,Porrete(Anct)
2455,Machado(Anct)
2456,Machado(Anct)
2457,Machado(Anct)
2458,Machado(Anct)
2459,Maça_Pesada(Anct)
2460,Maça_Pesada(Anct)
2461,Maça_Pesada(Anct)
2462,Maça_Pesada(Anct)
2463,Maça(Anct)
2464,Maça(Anct)
2465,Maça(Anct)
2466,Maça(Anct)
2467,Kraika_(Anct)
2468,Kraika_(Anct)
2469,Kraika_(Anct)
2470,Kraika_(Anct)
2471,Machado_Duplo(Anct)
2472,Machado_Duplo(Anct)
2473,Machado_Duplo(Anct)
2474,Machado_Duplo(Anct)
2475,Maça_Gótica(Anct)
2476,Maça_Gótica(Anct)
2477,Maça_Gótica(Anct)
2478,Maça_Gótica(Anct)
2479,Martelo_Mythril(Anct)
2480,Martelo_Mythril(Anct)
2481,Martelo_Mythril(Anct)
2482,Martelo_Mythril(Anct)
2483,Martelo_Dragão(Anct)
2484,Martelo_Dragão(Anct)
2485,Martelo_Dragão(Anct)
2486,Martelo_Dragão(Anct)
2487,Martelo_Assassino(Anct)
2488,Martelo_Assassino(Anct)
2489,Martelo_Assassino(Anct)
2490,Martelo_Assassino(Anct)
2491,Balmung(Anct)
2492,Balmung(Anct)
2493,Balmung(Anct)
2494,Balmung(Anct)
2511,Arco_Curto(Anct)
2512,Arco_Curto(Anct)
2513,Arco_Curto(Anct)
2514,Arco_Curto(Anct)
2515,Arco_de_Madeira(Anct)
2516,Arco_de_Madeira(Anct)
2517,Arco_de_Madeira(Anct)
2518,Arco_de_Madeira(Anct)
2519,Arco_Longo(Anct)
2520,Arco_Longo(Anct)
2521,Arco_Longo(Anct)
2522,Arco_Longo(Anct)
2523,Arco_de_Batalha(Anct)
2524,Arco_de_Batalha(Anct)
2525,Arco_de_Batalha(Anct)
2526,Arco_de_Batalha(Anct)
2527,Arco_da_Confusão(Anct)
2528,Arco_da_Confusão(Anct)
2529,Arco_da_Confusão(Anct)
2530,Arco_da_Confusão(Anct)
2531,Arco_Veloz(Anct)
2532,Arco_Veloz(Anct)
2533,Arco_Veloz(Anct)
2534,Arco_Veloz(Anct)
2535,Arco_Mythril(Anct)
2536,Arco_Mythril(Anct)
2537,Arco_Mythril(Anct)
2538,Arco_Mythril(Anct)
2539,Arco_Hidra(Anct)
2540,Arco_Hidra(Anct)
2541,Arco_Hidra(Anct)
2542,Arco_Hidra(Anct)
2543,Arco_Élfico(Anct)
2544,Arco_Élfico(Anct)
2545,Arco_Élfico(Anct)
2546,Arco_Élfico(Anct)
2547,Arco_Divino(Anct)
2548,Arco_Divino(Anct)
2549,Arco_Divino(Anct)
2550,Arco_Divino(Anct)
2551,Skytalos(Anct)
2552,Skytalos(Anct)
2553,Skytalos(Anct)
2554,Skytalos(Anct)
2571,Garra(Anct)
2572,Garra(Anct)
2573,Garra(Anct)
2574,Garra(Anct)
2575,Manopla_Cortante(Anct)
2576,Manopla_Cortante(Anct)
2577,Manopla_Cortante(Anct)
2578,Manopla_Cortante(Anct)
2579,Garra_de_Ferro(Anct)
2580,Garra_de_Ferro(Anct)
2581,Garra_de_Ferro(Anct)
2582,Garra_de_Ferro(Anct)
2583,Garra_Afiada(Anct)
2584,Garra_Afiada(Anct)
2585,Garra_Afiada(Anct)
2586,Garra_Afiada(Anct)
2587,Faca_Quimerica(Anct)
2588,Faca_Quimerica(Anct)
2589,Faca_Quimerica(Anct)
2590,Faca_Quimerica(Anct)
2591,Garra_da_Escuridão(Anct)
2592,Garra_da_Escuridão(Anct)
2593,Garra_da_Escuridão(Anct)
2594,Garra_da_Escuridão(Anct)
2595,Lança_Invisível(Anct)
2596,Lança_Invisível(Anct)
2597,Lança_Invisível(Anct)
2598,Lança_Invisível(Anct)
2599,Faca_Assassina(Anct)
2600,Faca_Assassina(Anct)
2601,Faca_Assassina(Anct)
2602,Faca_Assassina(Anct)
2603,Presas_de_Behemot(Anct)
2604,Presas_de_Behemot(Anct)
2605,Presas_de_Behemot(Anct)
2606,Presas_de_Behemot(Anct)
2607,Garra_Draconiana(Anct)
2608,Garra_Draconiana(Anct)
2609,Garra_Draconiana(Anct)
2610,Garra_Draconiana(Anct)
2611,Khyrius(Anct)
2612,Khyrius(Anct)
2613,Khyrius(Anct)
2614,Khyrius(Anct)
2631,Lança_Curta(Anct)
2632,Lança_Curta(Anct)
2633,Lança_Curta(Anct)
2634,Lança_Curta(Anct)
2635,Lança_Curva(Anct)
2636,Lança_Curva(Anct)
2637,Lança_Curva(Anct)
2638,Lança_Curva(Anct)
2639,Lança_do_Vento(Anct)
2640,Lança_do_Vento(Anct)
2641,Lança_do_Vento(Anct)
2642,Lança_do_Vento(Anct)
2643,Matadora_de_Dragão(Anct)
2644,Matadora_de_Dragão(Anct)
2645,Matadora_de_Dragão(Anct)
2646,Matadora_de_Dragão(Anct)
2647,Pochard_(Anct)
2648,Pochard_(Anct)
2649,Pochard_(Anct)
2650,Pochard_(Anct)
2651,Tridente(Anct)
2652,Tridente(Anct)
2653,Tridente(Anct)
2654,Tridente(Anct)
2655,Lança_da_Corrupção(Anct)
2656,Lança_da_Corrupção(Anct)
2657,Lança_da_Corrupção(Anct)
2658,Lança_da_Corrupção(Anct)
2659,Longinius(Anct)
2660,Longinius(Anct)
2661,Longinius(Anct)
2662,Longinius(Anct)
2663,Gungnir_(Anct)
2664,Gungnir_(Anct)
2665,Gungnir_(Anct)
2666,Gungnir_(Anct)
2667,Lança_do_Triunfo(Anct)
2668,Lança_do_Triunfo(Anct)
2669,Lança_do_Triunfo(Anct)
2670,Lança_do_Triunfo(Anct)
2671,Gleipnir(Anct)
2672,Gleipnir(Anct)
2673,Gleipnir(Anct)
2674,Gleipnir(Anct)
2691,Adaga(Anct)
2692,Adaga(Anct)
2693,Adaga(Anct)
2694,Adaga(Anct)
2695,Espada_Curta_(Anct)
2696,Espada_Curta_(Anct)
2697,Espada_Curta_(Anct)
2698,Espada_Curta_(Anct)
2699,Stiletto_(Anct)
2700,Stiletto_(Anct)
2701,Stiletto_(Anct)
2702,Stiletto_(Anct)
2703,Rapier_(Anct)
2704,Rapier_(Anct)
2705,Rapier_(Anct)
2706,Rapier_(Anct)
2707,Cimitarra(Anct)
2708,Cimitarra(Anct)
2709,Cimitarra(Anct)
2710,Cimitarra(Anct)
2711,Espada_em_Cruz(Anct)
2712,Espada_em_Cruz(Anct)
2713,Espada_em_Cruz(Anct)
2714,Espada_em_Cruz(Anct)
2715,Gladio(Anct)
2716,Gladio(Anct)
2717,Gladio(Anct)
2718,Gladio(Anct)
2719,Lâmina_Espiritual(Anct)
2720,Lâmina_Espiritual(Anct)
2721,Lâmina_Espiritual(Anct)
2722,Lâmina_Espiritual(Anct)
2723,Gram_(Anct)
2724,Gram_(Anct)
2725,Gram_(Anct)
2726,Gram_(Anct)
2727,Espada_Vorpal(Anct)
2728,Espada_Vorpal(Anct)
2729,Espada_Vorpal(Anct)
2730,Espada_Vorpal(Anct)
2731,Caliburn(Anct)
2732,Caliburn(Anct)
2733,Caliburn(Anct)
2734,Caliburn(Anct)
2751,Dardo(Anct)
2752,Dardo(Anct)
2753,Dardo(Anct)
2754,Dardo(Anct)
2755,Machado_de_Arremesso(Anct)
2756,Machado_de_Arremesso(Anct)
2757,Machado_de_Arremesso(Anct)
2758,Machado_de_Arremesso(Anct)
2759,Dardo_Místico(Anct)
2760,Dardo_Místico(Anct)
2761,Dardo_Místico(Anct)
2762,Dardo_Místico(Anct)
2763,Bumerangue_Cortante(Anct)
2764,Bumerangue_Cortante(Anct)
2765,Bumerangue_Cortante(Anct)
2766,Bumerangue_Cortante(Anct)
2767,Tomahawk_(Anct)
2768,Tomahawk_(Anct)
2769,Tomahawk_(Anct)
2770,Tomahawk_(Anct)
2771,Chakram_(Anct)
2772,Chakram_(Anct)
2773,Chakram_(Anct)
2774,Chakram_(Anct)
2775,Shamir_(Anct)
2776,Shamir_(Anct)
2777,Shamir_(Anct)
2778,Shamir_(Anct)
2779,Faca_Astaroth(Anct)
2780,Faca_Astaroth(Anct)
2781,Faca_Astaroth(Anct)
2782,Faca_Astaroth(Anct)
2783,Lança_Relâmpago(Anct)
2784,Lança_Relâmpago(Anct)
2785,Lança_Relâmpago(Anct)
2786,Lança_Relâmpago(Anct)
2787,Cruz_Sagrada(Anct)
2788,Cruz_Sagrada(Anct)
2789,Cruz_Sagrada(Anct)
2790,Cruz_Sagrada(Anct)
2791,Hermai(Anct)
2792,Hermai(Anct)
2793,Hermai(Anct)
2794,Hermai(Anct)
2811,Cajado_de_Madeira(Anct)
2812,Cajado_de_Madeira(Anct)
2813,Cajado_de_Madeira(Anct)
2814,Cajado_de_Madeira(Anct)
2815,Varinha_da_Guerra(Anct)
2816,Varinha_da_Guerra(Anct)
2817,Varinha_da_Guerra(Anct)
2818,Varinha_da_Guerra(Anct)
2819,Cajado_Cortante(Anct)
2820,Cajado_Cortante(Anct)
2821,Cajado_Cortante(Anct)
2822,Cajado_Cortante(Anct)
2823,Bastão_Serpente(Anct)
2824,Bastão_Serpente(Anct)
2825,Bastão_Serpente(Anct)
2826,Bastão_Serpente(Anct)
2827,Cajado_Silencioso(Anct)
2828,Cajado_Silencioso(Anct)
2829,Cajado_Silencioso(Anct)
2830,Cajado_Silencioso(Anct)
2831,Varinha_Falcon(Anct)
2832,Varinha_Falcon(Anct)
2833,Varinha_Falcon(Anct)
2834,Varinha_Falcon(Anct)
2835,Cajado_do_Santo(Anct)
2836,Cajado_do_Santo(Anct)
2837,Cajado_do_Santo(Anct)
2838,Cajado_do_Santo(Anct)
2839,Varinha_Alada(Anct)
2840,Varinha_Alada(Anct)
2841,Varinha_Alada(Anct)
2842,Varinha_Alada(Anct)
2843,Olho_do_Carbunkle(Anct)
2844,Olho_do_Carbunkle(Anct)
2845,Olho_do_Carbunkle(Anct)
2846,Olho_do_Carbunkle(Anct)
2847,Fúria_Divina(Anct)
2848,Fúria_Divina(Anct)
2849,Fúria_Divina(Anct)
2850,Fúria_Divina(Anct)
2851,Cajado_da_Jóia_Azul(Anct)
2852,Cajado_da_Jóia_Azul(Anct)
2853,Cajado_da_Jóia_Azul(Anct)
2854,Cajado_da_Jóia_Azul(Anct)
2855,Cajado_de_Âmbar(Anct)
2856,Cajado_de_Âmbar(Anct)
2857,Cajado_de_Âmbar(Anct)
2858,Cajado_de_Âmbar(Anct)
2859,Neorion(Anct)
2860,Neorion(Anct)
2861,Neorion(Anct)
2862,Neorion(Anct)
2863,Eirenus(Anct)
2864,Eirenus(Anct)
2865,Eirenus(Anct)
2866,Eirenus(Anct)
2871,Espada_Longa(Anct)
2872,Espada_Longa(Anct)
2873,Espada_Longa(Anct)
2874,Espada_Longa(Anct)
2875,Espada_Bastarda(Anct)
2876,Espada_Bastarda(Anct)
2877,Espada_Bastarda(Anct)
2878,Espada_Bastarda(Anct)
2879,Espada_Larga(Anct)
2880,Espada_Larga(Anct)
2881,Espada_Larga(Anct)
2882,Espada_Larga(Anct)
2883,Lâmina_Dupla(Anct)
2884,Lâmina_Dupla(Anct)
2885,Lâmina_Dupla(Anct)
2886,Lâmina_Dupla(Anct)
2887,Luna(Anct)
2888,Luna(Anct)
2889,Luna(Anct)
2890,Luna(Anct)
2891,Solaris(Anct)
2892,Solaris(Anct)
2893,Solaris(Anct)
2894,Solaris(Anct)
2895,Thrasytes(Anct)
2896,Thrasytes(Anct)
2897,Thrasytes(Anct)
2898,Thrasytes(Anct)
2911,Martelo(Anct)
2912,Martelo(Anct)
2913,Martelo(Anct)
2914,Martelo(Anct)
2915,Martelo_de_Guerra(Anct)
2916,Martelo_de_Guerra(Anct)
2917,Martelo_de_Guerra(Anct)
2918,Martelo_de_Guerra(Anct)
2919,Machado_de_Batalha(Anct)
2920,Machado_de_Batalha(Anct)
2921,Machado_de_Batalha(Anct)
2922,Machado_de_Batalha(Anct)
2923,Grande_Machado(Anct)
2924,Grande_Machado(Anct)
2925,Grande_Machado(Anct)
2926,Grande_Machado(Anct)
2927,Martelo_Psíquico(Anct)
2928,Martelo_Psíquico(Anct)
2929,Martelo_Psíquico(Anct)
2930,Martelo_Psíquico(Anct)
2931,Mjolnir_(Anct)
2932,Mjolnir_(Anct)
2933,Mjolnir_(Anct)
2934,Mjolnir_(Anct)
2935,Basileus(Anct)
2936,Basileus(Anct)
2937,Basileus(Anct)
2938,Basileus(Anct)
2960,Cavalo_Klazedale
2961,Cavalo_Gullfaxi
3000,Arma_do_Grande_Tauron
3001,Machado_Berseker
3002,Escudo_Berseker
3003,Cajado_do_Feiticeiro
3004,Lança_do_Shamã
3005,Arco_do_Ranger
3006,Garra_Kalintz(H)
3007,Arma_do_Troll_de_Gelo
3016,NONAME
3017,NONAME
3018,NONAME
3019,NONAME
3020,Pedra_da_Fúria
3021,Cristal_Extração(Elmo)
3022,Cristal_Extração(Armadura)
3023,Cristal_Extração(Calça)
3024,Cristal_Extração(Luvas)
3025,Cristal_Extração(Botas)
3026,Cristal_Extração(Arma)
3027,Barra_de_Mithril_(Dano)
3028,Barra_de_Mithril_(Atq.Mágico)
3029,Barra_de_Mithril_(Defesa)
3030,Barra_de_Mithril_(Crítico)
3050,Arma_Tauron
3051,Arma_do_Poderoso_Talos
3052,Foice_do_Lich
3053,Espada_Templária
3090,Trava_de_Item
3091,Destrava_de_Item
3140,Pedra_da_Luz
3145,Torre_do_Triunfo_I
3146,Torre_do_Triunfo_II
3147,Torre_do_Triunfo_III
3148,Torre_do_Triunfo_IV
3149,Torre_do_Triunfo_V
3150,Evocar_Gremlin
3151,Evocar_Orc_Arqueiro
3152,Evocar_Troll
3153,Evocar_Carbunkle
3154,Evocar_Chefe_Zumbi
3170,Notif._Pública(Elixir)
3171,Carta_de_Duelo_(M)
3172,Carta_de_Duelo_(N)
3173,Pergaminho_da_Água(N)LV1
3174,Pergaminho_da_Água(N)LV2
3175,Pergaminho_da_Água(N)LV3
3176,Pergaminho_da_Água(N)LV4
3177,Pergaminho_da_Água(N)LV5
3178,Pergaminho_da_Água(N)LV6
3179,Pergaminho_da_Água(N)LV7
3180,Pergaminho_da_Água(N)LV8
3181,Evocação_Neses(N)
3182,Pergaminho_da_Água(A)LV1
3183,Pergaminho_da_Água(A)LV2
3184,Pergaminho_da_Água(A)LV3
3185,Pergaminho_da_Água(A)LV4
3186,Pergaminho_da_Água(A)LV5
3187,Pergaminho_da_Água(A)LV6
3188,Pergaminho_da_Água(A)LV7
3189,Pergaminho_da_Água(A)LV8
3190,Evocação_Neses(A)
3191,Elite_de_Hekalotia
3192,Elite_de_Akelonia
3193,Elite_dos_Aventureiros
3194,Herói_de_Hekalotia
3195,Herói_de_Akelonia
3196,Herói_dos_Aventureiros
3197,Mestre_de_Hekalotia
3198,Mestre_de_Akelonia
3199,Mestre_dos_Aventureiros
3200,Jóia_da_Sagacidade
3201,Jóia_da_Resistência
3202,Jóia_da_Revelação
3203,Jóia_da_Recuperação
3204,Jóia_da_Absorção
3205,Jóia_da_Proteção
3206,Jóia_do_Poder
3207,Jóia_da_Armazenagem
3208,Jóia_da_Precisão
3209,Jóia_da_Magia
3210,Cupom_da_Imortalidade
3211,Cupom_da_Sephirot
3212,Baú_da_Pedra_Secreta
3213,Baú_do_Peito
3214,Baú_da_Calça
3215,Baú_da_Luva
3216,Baú_da_Bota
3217,Baú_da_Montaria
3218,Baú_do_Âmago
3219,Baú_de_Runas
3220,Pergaminho_de_Fama_da_Guild
3221,Pergaminho_do_Vale_do_Deserto
3222,Cupom_da_Sorte
3223,Cupom_da_Sorte
3224,Cupom_da_Sorte
3225,Cupom_da_Sorte
3226,Cupom_da_Sorte
3227,Cupom_da_Sorte
3228,Cupom_da_Sorte
3229,Cupom_da_Sorte
3230,Cupom_da_Sorte
3231,Cupom_da_Sorte
3232,Cupom_da_Sorte
3233,Cupom_da_Sorte
3234,Cupom_da_Sorte
3235,Cupom_da_Sorte
3236,Cupom_da_Sorte
3237,Cupom_da_Sorte
3238,Cupom_da_Sorte
3239,Cupom_da_Sorte
3240,Cupom_da_Sorte
3241,Cupom_da_Sorte
3242,Cupom_da_Sorte
3243,Cupom_da_Sorte
3244,Cupom_da_Sorte
3245,Cupom_da_Sorte
3246,Cupom_da_Sorte
3247,Cupom_da_Sorte
3248,Cupom_da_Sorte
3249,Cupom_da_Sorte
3250,Cupom_da_Sorte
3251,Cupom_da_Sorte
3252,Cupom_da_Sorte
3253,Cupom_da_Sorte
3254,Cupom_da_Sorte
3255,Cupom_da_Sorte
3256,Cupom_da_Sorte
3257,Cupom_da_Sorte
3258,Cupom_da_Sorte
3259,Cupom_da_Sorte
3260,Cupom_da_Sorte
3261,Cupom_da_Sorte
3262,Cupom_da_Sorte
3263,Cupom_da_Sorte
3264,Cupom_da_Sorte
3265,Cupom_da_Sorte
3266,Cupom_da_Sorte
3267,Cupom_da_Sorte
3268,Cupom_da_Sorte
3269,Cupom_da_Sorte
3270,Cupom_da_Sorte
3271,Cupom_da_Sorte
3272,Cupom_da_Sorte
3273,Cupom_da_Sorte
3274,Cupom_da_Sorte
3275,Cupom_da_Sorte
3276,Cupom_da_Sorte
3277,Cupom_da_Sorte
3278,Cupom_da_Sorte
3279,Cupom_da_Sorte
3280,Cupom_da_Sorte
3281,Cupom_da_Sorte
3282,Cupom_da_Sorte
3283,Cupom_da_Sorte
3284,Cupom_da_Sorte
3285,Cupom_da_Sorte
3286,Cupom_da_Sorte
3287,Cupom_da_Sorte
3288,Cupom_da_Sorte
3289,Cupom_da_Sorte
3290,Cupom_da_Sorte
3291,Cupom_da_Sorte
3292,Cupom_da_Sorte
3293,Cupom_da_Sorte
3294,Cupom_da_Sorte
3295,Cupom_da_Sorte
3296,Cupom_da_Sorte
3297,Cupom_da_Sorte
3298,Cupom_da_Sorte
3299,Cupom_da_Sorte
3303,Coroa_Celestial
3310,Poção_Kappa(P)
3311,Poção_Combatente
3312,Poção_Mental
3313,Poção_de_Vigor
3314,Frango_Assado
3315,Curar_Montaria
3316,Curar_Montaria
3317,Curar_Montaria
3318,Frango_Assado_(Pacote)
3319,(S)Poção_Kappa(P)
3320,(S)Poção_Combatente(P)
3321,(S)Poção_Mental(P)
3322,[S]Caixa_Poção_de_Cura
3323,[S]Caixa_Poção_de_Mana
3324,Pesadelo_(N/Grupo)
3325,Pesadelo_(M/Grupo)
3326,Pesadelo_(A/Grupo)
3327,Pesadelo_(Bilhete)
3328,Portão_do_Inferno(N/Ind.)
3329,Portão_do_Inferno(M/Grupo)
3330,Trombeta_Mágica
3331,Entrada_Cassino
3332,Trans_Javali
3333,Trans_Lobo
3334,Trans_Golem_de_Fogo
3335,Pergaminho_de_Reforma
3336,Retorno_da_Habilidade
3337,used
3338,Refinação_Abençoada
3339,used
3340,Fogos_de_Artifício_1
3341,Fogos_de_Artifício_2
3342,Fogos_de_Artifício_3
3343,Pergaminho_do_Perdão
3344,Catalisador_de_Kapel
3345,Catalisador_de_Acuban
3346,Catalisador_de_Mencar
3347,Catalisador_de_Birago
3348,Catalisador_de_Yus
3349,Catalisador_de_Makav
3350,Catalisador_de_Alperath
3351,Restaurador_de_Kapel
3352,Restaurador_de_Acuban
3353,Restaurador_de_Mencar
3354,Restaurador_de_Birago
3355,Restaurador_de_Yus
3356,Restaurador_de_Makav
3357,Restaurador_de_Alperath
3358,Panqueca_(7dias)
3359,Panqueca_(15dias)
3360,Panqueca_(30dias)
3361,Poção_Sephira_(7dias)
3362,Poção_Sephira_(15dias)
3363,Poção_Sephira_(30dias)
3364,Poção_de_Saúde(7dias)
3365,Poção_de_Saúde(15dias)
3366,Poção_de_Saúde(30dias)
3367,Água_das_Fadas
3368,Ração_de_Javali(P)
3369,Ração_de_Lobo(P)
3370,Ração_de_Dragão_Menor(P)
3371,Ração_de_Urso(P)
3372,Ração_de_Dente_de_S(P)
3373,Ração_de_Cavalo(P)
3374,Ração_de_Tigre_de_Fogo(P)
3375,Ração_de_Dragão_Verm(P)
3376,Ração_de_Unicórnio(P)
3377,Ração_de_Grifo(P)
3378,Elixir_da_Coragem(30dias)
3379,Poção_Divina(7dias)
3380,Poção_Divina(15dias)
3381,Poção_Divina(30dias)
3382,used
3383,Ração_de_Fenrir(P)
3384,Ração_de_Dragão(P)
3385,not_used
3386,Gema_de_Diamante
3387,Gema_de_Esmeralda
3388,Gema_de_Coral
3389,Gema_de_Garnet
3390,Pesadelo_(N/Ind)
3391,Pesadelo_(M/Ind)
3392,Pesadelo_(A/Ind)
3393,Moeda_WYD(200)
3394,Barra_de_Ouro(1000Cash)
3395,Barra_de_Ouro(3000Cash)
3396,Barra_de_Ouro(5000Cash)
3397,Tintura_Azul
3398,Tintura_Vermelha
3399,Tintura_Verde
3400,Tintura_Prateada
3401,Tintura_Preta
3402,Tintura_Roxa
3403,Tintura_Marrom
3404,Tintura_Rosa
3405,Tintura_Amarela
3406,Tintura_Azul_Claro
3407,Feijão_Mágico(Azul)
3408,Feijão_Mágico(Vermelho)
3409,Feijão_Mágico(Verde)
3410,Feijão_Mágico(Prateado)
3411,Feijão_Mágico(Preto)
3412,Feijão_Mágico(Roxo)
3413,Feijão_Mágico(Marrom)
3414,Feijão_Mágico(Rosa)
3415,Feijão_Mágico(Amarelo)
3416,Feijão_Mágico(Azul_Claro)
3417,Removedor_de_tintura
3418,Pergamino_Trans(Javali)2
3419,Pergamino_Trans(Lobo)2
3420,Pergamino_Trans(Golem)2
3421,Pergamino_Trans(Grem)
3422,Pergamino_Trans(Orc_A)
3423,Pergamino_Trans(Troll)
3424,Pergamino_Trans(Carbun)
3425,Pergamino_Trans(Zumbi)
3429,Pergaminho_de_Retorno(P)
3430,Pergaminho_do_Portal(P)
3431,Poção_Poderosa
3432,Pedido_de_Caça(Armia)
3433,Pedido_de_Caça(Dung)
3434,Pedido_de_Caça(SubM)
3435,Pedido_de_Caça(Kult)
3436,Pedido_de_Caça(Kefra)
3437,Pedido_de_Caça(Nipple)
3438,Acelerador_de_Nascimento
3439,Ticket_Serviço(24hrs)
3440,Ticket_Serviço(7dias)
3441,Cosmo_Energia_=_5000
3442,Fogos_de_Artificio_Prm
3443,Selo_das_Almas
3444,Selo_Contratual
3445,Escritura_de_Oriharucon
3446,Escritura_de_Lactolerium
3447,Pacote_Oriharucon
3448,Pacote_Lactolerium
3451,Flash_Prateado
3452,Flash_Dourado
3453,Retornar_Cavalo
3454,Retornar_Cavalo(P)
3455,Emblema_Mágico
3456,Chamado_Real
3457,Selo_do_Comandante
3458,Selo_da_Fúria
3459,Selo_da_Intelectualidade
3460,Selo_da_Coragem
3463,Pergaminho_da_Ressurreição
3464,Pedra_Amunra
3465,Ração_de_Pantera_Negra(P)
3466,Ração_de_Fenrir_das_Sombras(P)
3467,Bolsa_do_Andarílho
3468,Bênção_de_Hades_I
3469,Bênção_de_Hades_II
3470,Bênção_de_Hades_III
3471,Bênção_de_Hades_IV
3473,Pergaminho_Kefra
3474,Pergaminho_da_Alma
3478,Sussurro_Demoníaco
3500,Cythera_Prateada
3501,Cythera_Dourada
3502,Cythera_Mística
3503,Cythera_Draconiana
3504,Cythera_Demoníaca
3505,Cythera_Explosiva
3506,Cythera_Grifiana
3507,Cythera_Arcana
3551,Asa_Draconiana
3556,Arco_Guardião
3561,Dianus
3566,Foice_Platinada
3571,Vingadora
3576,Karikas
3581,Força_Eterna
3582,Cajado_Caótico
3591,Éden
3596,Demolidor_Celestial
3601,Asa_Draconiana(Anct)
3602,Asa_Draconiana(Anct)
3603,Asa_Draconiana(Anct)
3604,Asa_Draconiana(Anct)
3605,Machado_Gaoth(Anct)
3606,Machado_Gaoth(Anct)
3607,Machado_Gaoth(Anct)
3608,Machado_Gaoth(Anct)
3621,Arco_do_Guardião_(Anct)
3622,Arco_do_Guardião_(Anct)
3623,Arco_do_Guardião_(Anct)
3624,Arco_do_Guardião_(Anct)
3625,Eithna(Anct)
3626,Eithna(Anct)
3627,Eithna(Anct)
3628,Eithna(Anct)
3641,Dianus(Anct)
3642,Dianus(Anct)
3643,Dianus(Anct)
3644,Dianus(Anct)
3645,Lupercus(Anct)
3646,Lupercus(Anct)
3647,Lupercus(Anct)
3648,Lupercus(Anct)
3661,Foice_Platinada(Anct)
3662,Foice_Platinada(Anct)
3663,Foice_Platinada(Anct)
3664,Foice_Platinada(Anct)
3665,Gae_Bulg(Anct)
3666,Gae_Bulg(Anct)
3667,Gae_Bulg(Anct)
3668,Gae_Bulg(Anct)
3681,Vingadora(Anct)
3682,Vingadora(Anct)
3683,Vingadora(Anct)
3684,Vingadora(Anct)
3685,Tyrfing(Anct)
3686,Tyrfing(Anct)
3687,Tyrfing(Anct)
3688,Tyrfing(Anct)
3701,Karikas(Anct)
3702,Karikas(Anct)
3703,Karikas(Anct)
3704,Karikas(Anct)
3705,Kenten(Anct)
3706,Kenten(Anct)
3707,Kenten(Anct)
3708,Kenten(Anct)
3721,Força_Eterna(Anct)
3722,Força_Eterna(Anct)
3723,Força_Eterna(Anct)
3724,Força_Eterna(Anct)
3725,Cajado_Caótico(Anct)
3726,Cajado_Caótico(Anct)
3727,Cajado_Caótico(Anct)
3728,Cajado_Caótico(Anct)
3729,Cetro_Rithil(Anct)
3730,Cetro_Rithil(Anct)
3731,Cetro_Rithil(Anct)
3732,Cetro_Rithil(Anct)
3733,Dordje(Anct)
3734,Dordje(Anct)
3735,Dordje(Anct)
3736,Dordje(Anct)
3761,Éden(Anct)
3762,Éden(Anct)
3763,Éden(Anct)
3764,Éden(Anct)
3765,Hrotti(Anct)
3766,Hrotti(Anct)
3767,Hrotti(Anct)
3768,Hrotti(Anct)
3781,Demolidor_Celestial(Anct)
3782,Demolidor_Celestial(Anct)
3783,Demolidor_Celestial(Anct)
3784,Demolidor_Celestial(Anct)
3785,Martelo_Kaumodaki(Anct)
3786,Martelo_Kaumodaki(Anct)
3787,Martelo_Kaumodaki(Anct)
3788,Martelo_Kaumodaki(Anct)
3789,NONAME
3790,NONAME
3791,NONAME
3792,NONAME
3793,NONAME
3794,NONAME
3795,NONAME
3796,NONAME
3801,Elmo_Mortal(Le)
3802,Armadura_Mortal(Le)
3803,Calça_Mortal(Le)
3804,Monaplas_Mortais(Le)
3805,Botas_Mortais(Le)
3821,Elmo_Templário(Le)
3822,Túnica_Templária(Le)
3823,Calça_Templária(Le)
3824,Manoplas_Templárias(Le)
3825,Botas_Templárias(Le)
3841,Elmo_do_Corvo(Le)
3842,Armadura_do_Corvo(Le)
3843,Calça_do_Corvo(Le)
3844,Manoplas_do_Corvo(Le)
3845,Botas_do_Corvo(Le)
3861,Elmo_Legionário(Le)
3862,Peitoral_Legionário(Le)
3863,Calça_Legionário(Le)
3864,Manoplas_Legionário(Le)
3865,Botas_Legionário(Le)
3900,Fada_Verde(3dias)
3901,Fada_Azul(3dias)
3902,Fada_Vermelha(3dias)
3903,Fada_Verde(5dias)
3904,Fada_Azul(5dias)
3905,Fada_Vermelha(5dias)
3906,Fada_Verde(7dias)
3907,Fada_Azul(7dias)
3908,Fada_Vermelha(7dias)
3909,Mapa_Vale_Escondido(24h)
3910,Mapa_Vale_Escondido(7d)
3911,Fada_Verde(7dias)
3912,Fada_Verde(15dias)
3913,Fada_Verde(30dias)
3914,Fada_Prateada
3915,Fada_Dourada
3916,Fada_do_Vale(7dias)
3972,Evocar_Guarda_(Asder)
3973,Evocar_Guarda_(Sophia)
3974,Mapa_Vale_Escondido(8h)
3975,NONAME
3980,Shire(3dias)
3981,Thoroughbred(3dias)
3982,Klazedale(3dias)
3983,Shire(15dias)
3984,Thoroughbred(15dias)
3985,Klazedale(15dias)
3986,Shire(30dias)
3987,Thoroughbred(30dias)
3988,Klazedale(30dias)
3989,Gullfaxi(30dias)
3990,Tigre_de_Fogo
3991,Dragão_Vermelho
3992,Dragão_Menor
3993,Dragão_Akelo
3994,Dragão_Hekalo
4000,Convite_para_Cubo(M)
4001,Convite_para_Cubo(A)
4003,Caixa_de_Montaria(N)
4004,Caixa_de_Montaria(M)
4005,Caixa_de_Montaria(A)
4006,Manto_do_Aprendiz
4007,Baú_de_Runas
4008,Mestre_do_Comandante
4009,Mestre_do_Comandante
4010,Barra_de_Prata(100Mi)
4011,Barra_de_Prata(1Bi)
4012,Passagem_para_Cassino
4013,Símbolo_de_Kefra
4014,Cupom_de_Bônus
4015,Capa_de_Berseker
4016,Classe_A
4017,Classe_B
4018,Classe_C
4019,Classe_D
4020,Classe_E
4021,Classe_A(P)
4022,Classe_B(P)
4023,Classe_C(P)
4024,Classe_D(P)
4025,Classe_E(P)
4026,Moeda_de_Prata(1Mi)
4027,Moeda_de_Prata(5Mi)
4028,Barra_de_Prata(10Mi)
4029,Barra_de_Prata(50Mi)
4030,Declaração_de_Guerra
4031,Recusa_de_Guerra
4032,Semente_de_Cristal
4033,Pedra_da_Fúria_[1]
4034,Pedra_da_Fúria_[2]
4035,Pedra_da_Fúria_[3]
4036,Pedra_da_Fúria_[4]
4037,Pedra_da_Fúria_[5]
4038,Vela_do_Coveiro
4039,Colheita_do_Jardineiro
4040,Cura_do_Batedor
4041,Mana_do_Batedor
4042,Emblema_do_Guarda
4043,Emblema_da_Proteção
4044,Emblema_da_Honra
4045,NONAME
4046,Remédio_da_Coragem
4047,Cupom_de_Bônus
4051,Medalha_Dourada
4052,Medalha_Roxa
4053,Medalha_Vermelha
4054,Medalha_Azul
4055,Medalha_Verde
4056,Marmita
4057,Bebidas
4061,Ovo_Amarelo
4062,Ovo_Azul
4080,Emblema_da_Aprendizagem
4081,Emblema_do_Reino
4097,Poção_Poderosa
4101,Portão_Temporal
4102,WYD_Caça_Níquel
4103,Caça_Níquel
4104,Bolsa_da_Sorte
4105,Envelope_de_Dinheiro
4106,Cristal_Elime
4107,Cristal_Sylphed
4108,Cristal_Thelion
4109,Cristal_Noas
4110,Esfera_da_Sorte
4111,Entrada_do_Território(N)
4112,Entrada_do_Território(M)
4113,Entrada_do_Território(A)
4114,Esfera_da_Sorte(Ouro)
4115,Esfera_da_Sorte(Vermelho)
4116,Esfera_da_Sorte(Azul)
4117,Caixa_da_Sabedoria
4118,Lágrima_Angelical
4119,Coração_do_Kaizen
4120,Olho_de_Sangue
4121,Pedra_Espiritual_dos_Elfos
4122,Molar_de_Gárgula
4123,Pedaço_de_Chance
4124,Composto_de_Chance
4125,Pedaço_de_Equilíbrio
4126,Composto_de_Equilíbrio
4127,Pergaminho_Selado
4128,Esfera_da_Sorte(N)
4129,Esfera_da_Sorte(M)
4130,Esfera_da_Sorte(A)
4131,Pacote_Safiras(10)
4132,Cupom_da_Sorte_A
4133,Cupom_da_Sorte_B
4134,Cupom_da_Sorte_C
4135,Cupom_da_Sorte_D
4136,Cupom_da_Sorte_E
4137,Cupom_da_Sorte_F
4138,Rico)
4139,Cupom_da_Sorte_H
4140,Baú_de_Experiência
4141,Lactolerium_100
4142,Poeira_de_Fada
4143,Porta_PvP
4144,Baú_de_Experiência
4145,Coração_Doce
4146,Selo_do_Guerreiro
4147,WYD_TOTO
4148,Pedra_Misteriosa
4149,Pergaminho_do_Vale_Congelado
4150,Conjunto_Yin-Yang(30dias)
4151,Conjunto_Quebrado(30dias)
4152,Conjunto_Valquíria(30dias)
4153,Conjunto_Esqueleto(30dias)
4154,Conjunto_Romano(30dias)
4155,Conjunto_Kalintz(M)(30dias)
4156,Conjunto_Kalintz(F)(30dias)
4157,Conjunto_Feiticeira(30dias)
4158,Conjunto_Draco(30dias)
4159,Conjunto_Anjo_Natalino(Vermelho)(30dias)
4160,Conjunto_Anjo_Natalino(Branco)(30dias)
4161,Conjunto_Rudolph(Roxo)(30dias)
4162,Conjunto_Rudolph(Azul)(30dias)
4163,Conjunto_Militar(Branco)(30dias)
4164,Conjunto_Militar(Preto)(30dias)
4165,Conjunto_Oculto(M)(30dias)
4166,Conjunto_Oculto(F)(30dias)
4167,Conjunto_Anfitriã(30dias)
4168,Conjunto_Charmoso(30dias)
4169,Conjunto_Madeira(1)(30dias)
4170,Conjunto_Madeira(2)(30dias)
4171,Conjunto_Real(Vermelho)(30dias)
4172,Conjunto_Real(Azul)(30dias)
4173,Conjunto_Profeta(30dias)
4174,Conjunto_Odin(30dias)
4175,Conjunto_Dançarina(30dias)
4176,Conjunto_Coelho_da_Páscoa(30dias)
4177,Conjunto_Oriental(30dias)
4178,Conjunto_Feudal(M)(30dias)
4179,Conjunto_Feudal(F)(30dias)
4180,Conjunto_Hera_Venenosa(30dias)
4181,Conjunto_Succubus(30dias)
4182,Conjunto_Medieval(30dias)
4183,Conjunto_Elegante(30dias)
4184,Conjunto_Yng-Yang_(Força_Bruta)
4185,Conjunto_Odin_Lendário
4186,Conjunto_Profeta_Destemido
4187,Conjunto_Rudolph_Mágico
4188,Conjunto_Anjo_Natalino_Lutador
4189,Fantasia_de_Carnaval
4190,Traje_de_Montaria:_Tigre_Branco
4191,Traje_de_Montaria:_Sombra_da_Morte(Prata)
4192,Traje_de_Montaria:_Sombra_da_Morte(Ouro)
4193,Traje_de_Montaria:_Aranha_Guerreira
4194,Traje_de_Montaria:_Pogobol(Vermelho)
4195,Traje_de_Montaria:_Pogobol(Azul)
4196,Traje_de_Montaria:_Cavalo_Real(Vermelho)
4197,Traje_de_Montaria:_Cavalo_Real(Azul)
4198,Traje_de_Montaria:_Cavalo_de_Madeira
4199,Traje_de_Montaria:_Galinha_Fofinha
4200,Pergaminho_de_Fama
4899,Restaurador_de_Montaria
4900,Grande_Baú_do_Tesouro_I
4901,Grande_Baú_do_Tesouro_II
4902,Grande_Baú_do_Tesouro_III
4903,Grande_Baú_do_Tesouro_IV
4904,Grande_Baú_do_Tesouro_V
4908,Cupom_de_Leilão
4910,Baú_de_10ª_Skill
4911,Pergaminho_do_Vale_do_Deserto
4912,Pergaminho_de_Fama_da_Guild
4913,Pergaminho_do_Vale_do_Deserto
5000,Giro_da_Fúria
5001,Toque_Sagrado
5002,Golpe_Duplo
5003,Samaritano
5004,Fanatismo
5005,Aura_da_Vida
5006,Fúria_Divina
5007,Destino
5008,Carga
5009,Mestre_das_Armas
5010,Golpe_Mortal
5011,Assalto
5012,Espada_da_Fênix
5013,Possuído
5014,Noção_de_Combate
5015,Armadura_Crítica
5016,Perseguição
5017,Espada_Flamejante
5018,Contra_Ataque
5019,Lamina_Congelada
5020,Ataque_da_Alma
5021,Punhalada_Venenosa
5022,Exterminar
5023,Tempestade_de_Gelo
5024,Flecha_Mágica
5025,Desintoxicar
5026,Flash
5027,Cura
5028,Choque_Divino
5029,Recuperar
5030,Julgamento_Divino
5031,Renascimento
5032,Ataque_de_Fogo
5033,Relâmpago
5034,Lança_de_Gelo
5035,Tempestade_de_Meteoro
5036,Nevasca
5037,Trovão
5038,Fênix_de_Fogo
5039,Inferno
5040,Nevoa_Venenosa
5041,Velocidade
5042,Teleporte
5043,Escudo_Mágico
5044,Arma_Mágica
5045,Toque_da_Athena
5046,Controle_de_Mana
5047,Cancelamento
5048,Fera_Flamejante
5049,Chamas_Etéreas
5050,Som_das_Fadas
5051,Enfraquecer
5052,Fúria_de_Gaia
5053,Proteção_Elemental
5054,Força_Elemental
5055,Espirito_Vingador
5056,Evocar_Condor
5057,Evocar_Javali_Selvagem
5058,Evocar_Lobo_Selvagem
5059,Evocar_Urso_Selvagem
5060,Evocar_Grande_Tigre
5061,Evocar_Gorila_Gigante
5062,Evocar_Dragão_Negro
5063,Evocar_Succubus
5064,Lobisomem
5065,Armadura_Elemental
5066,Homem_Urso
5067,Escudo_do_Tormento
5068,Astaroth
5069,Metamorfose_Superior
5070,Titã
5071,Éden
5072,Ataque_Fatal
5073,Ilusão
5074,Agressividade
5075,Encantar_Gelo
5076,Imunidade
5077,Meditação
5078,Lança_de_Ferro
5079,Tempestade_de_Raios
5080,Golpe_Felino
5081,Ligação_Espectral
5082,Perícia_de_Caçador
5083,Extração
5084,Alquimia
5085,Escudo_Dourado
5086,Explosão_Etérea
5087,Troca_de_Espírito
5088,Lâmina_das_Sombras
5089,Evasão_Aprimorada
5090,Visão_de_Caçadora
5091,Olhos_de_Aguia
5092,Toxina_de_Serpente
5093,Lamina_Aérea
5094,Proteção_das_Sombras
5095,Invisibilidade
5096,Poder_Superior
5097,Canhão_Guardião
5098,Muro_de_Espinhos
5099,Ressurreição
5100,Concentração
5101,Força_Espectral
5102,Limite_da_Alma
5110,Ansuz
5111,Uraz
5112,Thurisaz
5113,Fehu
5114,Raidho
5115,Kenaz
5116,Naudhiz
5117,Gebo
5118,Wunjo
5119,Hagalaz
5120,Isa
5121,Jara
5122,Eihwaz
5123,Perthro
5124,Elhaz
5125,Sowilo
5126,Berkano
5127,Ehwaz
5128,Tiwaz
5129,Mannaz
5130,Laguz
5131,Dagaz
5132,Ing
5133,Othel
5134,Pista_da_Runas
5135,Selo_Mágico
5136,Escritura_Mágica
5137,Escritura_do_Pesadelo
5334,Pedra_Secreta_(Água)
5335,Pedra_Secreta_(Terra)
5336,Pedra_Secreta_(Sol)
5337,Pedra_Secreta_(Vento)
5338,Pedra_Ideal
5400,Proteção_Divina
5401,Bênção_Divina
5404,Mãos_Sangrentas
5405,Mestre_das_Armas
5408,Espelho_Mágico
5409,Conexão_de_Gelo
5412,Cenote
5413,Proteção_Absoluta
5416,Magia_Misteriosa
5417,Congelamento_Proficiente
5420,Remover_Memória
5421,Incapacitador
5424,Anti_Magia
5425,Chama_Resistente
5428,Unidade_Mental
5429,Invocação_Final
5432,Concha_Resistente
5433,Espinhos_Fortalecidos
5436,Contra_Ataque
5437,Ataque_Rápido_Proficiente
5440,Ponto_do_Mestre
5441,Absorção_de_Alma
5444,Tiro_Direto
5445,Garra_Habilidosa
5500,Proteção_Divina
5501,Livro_de_Skill_Bênção_Divina
5504,Mãos_Sangrentas
5505,Livro_de_Skill_Mestre_das_Armas
5508,Espelho_Mágico
5509,Livro_de_Skill_Conexão_de_Gelo
5512,Cenote
5513,Livro_de_Skill_Proteção_Absoluta
5516,Magia_Misteriosa
5517,Livro_de_Skill_Congelamento_Proficiente
5520,Remover_Memória
5521,Livro_de_Skill_Incapacitador
5524,Anti_Magia
5525,Livro_de_Skill_Chama_Resistente
5528,Unidade_Mental
5529,Livro_de_Skill_Invocação_Final
5532,Concha_Resistente
5533,Livro_de_Skill_Espinhos_Fortalecidos
5536,Contra_Ataque
5537,Livro_de_Skill_Ataque_Rápido_Proficiente
5540,Ponto_do_Mestre
5541,Livro_de_Skill_Absorção_de_Alma
5544,Tiro_Direto
5545,Livro_de_Skill_Garra_Habilidosa
5600,Poeira_de_Fada_Avançada
5602,Mandado_de_Exílio
5700,Sem_Nome
5750,Sem_Nome
